{
  "code": 0,
  "message": "success",
  "result": {
    "latest": [
      {
        "cover": "http://i0.hdslb.com/bfs/bangumi/image/91e75030be41d67b9f19b96bb512b0c98ae781bd.png",
        "delay": 0,
        "delay_id": 0,
        "delay_index": "",
        "delay_reason": "",
        "ep_cover": "http://i0.hdslb.com/bfs/archive/0c57a3d4f23adf91ec25e42fa30d0262a4286783.png",
        "episode_id": 516895,
        "follows": "50.5万追番",
        "plays": "1140.8万",
        "pub_index": "第9话",
        "pub_time": "20:00",
        "pub_ts": 1656849600,
        "published": 1,
        "season_id": 41557,
        "square_cover": "http://i0.hdslb.com/bfs/bangumi/image/4329384cba4ab0390eae1a84a719e4649bf61cfb.png",
        "title": "这个治疗有点烦"
      },
      {
        "cover": "http://i0.hdslb.com/bfs/bangumi/image/71d54cae830d32a5af776dcc46632146fbdba868.jpg",
        "delay": 0,
        "delay_id": 0,
        "delay_index": "",
        "delay_reason": "",
        "ep_cover": "http://i0.hdslb.com/bfs/archive/1dfde1dbfb6d7d2909283be02ffaaa638778060d.jpg",
        "episode_id": 517085,
        "follows": "215.7万追番",
        "plays": "2.9亿",
        "pub_index": "第247话",
        "pub_time": "17:30",
        "pub_ts": 1656840600,
        "published": 1,
        "season_id": 5978,
        "square_cover": "http://i0.hdslb.com/bfs/bangumi/3121473d5dd03a9bcccb8490034207e724e731b3.jpg",
        "title": "博人传 火影忍者新时代"
      },
      {
        "cover": "http://i0.hdslb.com/bfs/bangumi/image/a9497ed9b2ad8fd3b77289734769f81bd3948d75.png",
        "delay": 0,
        "delay_id": 0,
        "delay_index": "",
        "delay_reason": "",
        "ep_cover": "http://i0.hdslb.com/bfs/archive/7e9db6c77be9e5f4e42687a0bdd95163aea9f6e6.png",
        "episode_id": 542448,
        "follows": "1009.2万追番",
        "plays": "2.9亿",
        "pub_index": "第10话",
        "pub_time": "21:00",
        "pub_ts": 1656766800,
        "published": 1,
        "season_id": 41410,
        "square_cover": "http://i0.hdslb.com/bfs/bangumi/image/1b3aedf05ccaf873265a5cafc63cbdd647586997.png",
        "title": "间谍过家家"
      },
      {
        "cover": "http://i0.hdslb.com/bfs/bangumi/image/23f393513ab8fdfbb351aa80e8b7423e7361ad98.png",
        "delay": 0,
        "delay_id": 0,
        "delay_index": "",
        "delay_reason": "",
        "ep_cover": "http://i0.hdslb.com/bfs/archive/01af609e3558dbde0c06a1f9d083088a3abab89f.png",
        "episode_id": 540945,
        "follows": "18.4万追番",
        "plays": "125万",
        "pub_index": "第7话",
        "pub_time": "18:00",
        "pub_ts": 1656756000,
        "published": 1,
        "season_id": 41535,
        "square_cover": "http://i0.hdslb.com/bfs/bangumi/image/f3f69f8747e8464ba46b9bbe24678966809c8021.png",
        "title": "Love All Play热血羽毛球 / 羽球青春 "
      },
      {
        "cover": "http://i0.hdslb.com/bfs/bangumi/image/cd7d919cacc1f14146b9f61076111ec94f394f3a.png",
        "delay": 0,
        "delay_id": 0,
        "delay_index": "",
        "delay_reason": "",
        "ep_cover": "http://i0.hdslb.com/bfs/archive/7cae0c748c39be7d6b80b2631131a3d05556a192.png",
        "episode_id": 542998,
        "follows": "5.2万系列追番",
        "plays": "50.2万",
        "pub_index": "全片",
        "pub_time": "10:00",
        "pub_ts": 1656727200,
        "published": 1,
        "season_id": 42119,
        "square_cover": "http://i0.hdslb.com/bfs/bangumi/image/0cb1859dde0fc8fac3174a841c207612f8265087.png",
        "title": "特利迦奥特曼 泽塔篇"
      },
      {
        "cover": "http://i0.hdslb.com/bfs/bangumi/image/4ab5cf1efbd1c5883b8f0580cb0304f5452c4665.png",
        "delay": 0,
        "delay_id": 0,
        "delay_index": "",
        "delay_reason": "",
        "ep_cover": "http://i0.hdslb.com/bfs/archive/c5fd7674283ece8db68906ba7a17d2231b74a333.png",
        "episode_id": 341407,
        "follows": "26.8万追番",
        "plays": "980.3万",
        "pub_index": "第75话",
        "pub_time": "09:30",
        "pub_ts": 1656725400,
        "published": 1,
        "season_id": 34425,
        "square_cover": "http://i0.hdslb.com/bfs/bangumi/image/ae36d43ebe7ea7176d18bab794de3d8930284feb.png",
        "title": "勇者斗恶龙 达伊的大冒险"
      },
      {
        "cover": "http://i0.hdslb.com/bfs/bangumi/image/39f7d690deb477004673f40e0fe65c78895c94f4.png",
        "delay": 0,
        "delay_id": 0,
        "delay_index": "",
        "delay_reason": "",
        "ep_cover": "http://i0.hdslb.com/bfs/archive/d9b25c4dfe1ecb492e9c1b5adb64195e27b86ff0.png",
        "episode_id": 544859,
        "follows": "946.2万系列追番",
        "plays": "6581.7万",
        "pub_index": "第10话",
        "pub_time": "00:00",
        "pub_ts": 1656691200,
        "published": 1,
        "season_id": 41411,
        "square_cover": "http://i0.hdslb.com/bfs/bangumi/image/48c0290b66784242c5eed83965bdc79a6b62eff5.png",
        "title": "辉夜大小姐想让我告白 -究极浪漫-"
      },
      {
        "cover": "http://i0.hdslb.com/bfs/bangumi/image/073a10cae926065a5a8165fddf6e953aee6eec11.jpg",
        "delay": 0,
        "delay_id": 0,
        "delay_index": "",
        "delay_reason": "",
        "ep_cover": "http://i0.hdslb.com/bfs/archive/093e90d2edcd6efa2fb11f74b0534841368778fa.png",
        "episode_id": 513617,
        "follows": "8472追番",
        "plays": "17.9万",
        "pub_index": "第6话",
        "pub_time": "19:25",
        "pub_ts": 1656674700,
        "published": 1,
        "season_id": 38246,
        "square_cover": "http://i0.hdslb.com/bfs/bangumi/image/ebf584af10f59ae8248a754fd73be0b59de8632d.png",
        "title": "新干线变形机器人 辛卡利欧Z / 进化利恩 极"
      },
      {
        "cover": "http://i0.hdslb.com/bfs/bangumi/image/fecb68763f24d371167389abedf05742b0bf024f.png",
        "delay": 0,
        "delay_id": 0,
        "delay_index": "",
        "delay_reason": "",
        "ep_cover": "http://i0.hdslb.com/bfs/archive/e344eeca9f295402b7478c92ebb68f6f3905b32e.png",
        "episode_id": 476167,
        "follows": "2.7万追番",
        "plays": "75.1万",
        "pub_index": "第35话",
        "pub_time": "18:25",
        "pub_ts": 1656671100,
        "published": 1,
        "season_id": 38366,
        "square_cover": "http://i0.hdslb.com/bfs/bangumi/image/56b8e4369871fc0c55bfa9df3f3f8002d40f0691.png",
        "title": "妖怪手表"
      },
      {
        "cover": "http://i0.hdslb.com/bfs/bangumi/image/a7517ca25c5c7a132a16f589e3a3c4d9f49af196.png",
        "delay": 0,
        "delay_id": 0,
        "delay_index": "",
        "delay_reason": "",
        "ep_cover": "http://i0.hdslb.com/bfs/archive/6d2261124c4108a74665fadf8f10cef951dd77fc.png",
        "episode_id": 516915,
        "follows": "49万系列追番",
        "plays": "247.3万",
        "pub_index": "第12话",
        "pub_time": "07:00",
        "pub_ts": 1656630000,
        "published": 1,
        "season_id": 41534,
        "square_cover": "http://i0.hdslb.com/bfs/bangumi/image/3267da68f7f832ccfc7eaa77c6ab3fb806d2de98.png",
        "title": "银河英雄传说：全新命题 激战"
      },
      {
        "cover": "http://i0.hdslb.com/bfs/bangumi/image/ecb52c79def9f5a6099c5a0770f56e20479fb008.jpg",
        "delay": 0,
        "delay_id": 0,
        "delay_index": "",
        "delay_reason": "",
        "ep_cover": "http://i0.hdslb.com/bfs/archive/af8495c9211c9ce643b22d866b1ef487bbb82f15.png",
        "episode_id": 478244,
        "follows": "17.3万追番",
        "plays": "245.8万",
        "pub_index": "第23话",
        "pub_time": "02:25",
        "pub_ts": 1656613500,
        "published": 1,
        "season_id": 40873,
        "square_cover": "http://i0.hdslb.com/bfs/bangumi/image/13f437706d3f27dee7566a5e489928605663e40f.png",
        "title": "川尻小玉的懒散生活"
      },
      {
        "cover": "http://i0.hdslb.com/bfs/bangumi/image/a29f3b00a94d1b4a029054f72963cc10d98bae99.jpg",
        "delay": 0,
        "delay_id": 0,
        "delay_index": "",
        "delay_reason": "",
        "ep_cover": "http://i0.hdslb.com/bfs/archive/8b3d15c1ce8738ba3cd323123f9bc82f837772c7.png",
        "episode_id": 516892,
        "follows": "195.2万系列追番",
        "plays": "524.2万",
        "pub_index": "第6话",
        "pub_time": "01:28",
        "pub_ts": 1656610080,
        "published": 1,
        "season_id": 41520,
        "square_cover": "http://i0.hdslb.com/bfs/bangumi/image/2a0ca7be587039eef380f802f8ae71bd21d2ea2c.png",
        "title": "街角魔族 第二季"
      }
    ],
    "timeline": [
      {
        "date": "7-1",
        "date_ts": 1656604800,
        "day_of_week": 5,
        "episodes": [
          {
            "cover": "http://i0.hdslb.com/bfs/bangumi/image/a29f3b00a94d1b4a029054f72963cc10d98bae99.jpg",
            "delay": 0,
            "delay_id": 0,
            "delay_index": "",
            "delay_reason": "",
            "ep_cover": "http://i0.hdslb.com/bfs/archive/8b3d15c1ce8738ba3cd323123f9bc82f837772c7.png",
            "episode_id": 516892,
            "follows": "195.2万系列追番",
            "plays": "524.2万",
            "pub_index": "第6话",
            "pub_time": "01:28",
            "pub_ts": 1656610080,
            "published": 1,
            "season_id": 41520,
            "square_cover": "http://i0.hdslb.com/bfs/bangumi/image/2a0ca7be587039eef380f802f8ae71bd21d2ea2c.png",
            "title": "街角魔族 第二季"
          },
          {
            "cover": "http://i0.hdslb.com/bfs/bangumi/image/ecb52c79def9f5a6099c5a0770f56e20479fb008.jpg",
            "delay": 0,
            "delay_id": 0,
            "delay_index": "",
            "delay_reason": "",
            "ep_cover": "http://i0.hdslb.com/bfs/archive/af8495c9211c9ce643b22d866b1ef487bbb82f15.png",
            "episode_id": 478244,
            "follows": "17.3万追番",
            "plays": "245.8万",
            "pub_index": "第23话",
            "pub_time": "02:25",
            "pub_ts": 1656613500,
            "published": 1,
            "season_id": 40873,
            "square_cover": "http://i0.hdslb.com/bfs/bangumi/image/13f437706d3f27dee7566a5e489928605663e40f.png",
            "title": "川尻小玉的懒散生活"
          },
          {
            "cover": "http://i0.hdslb.com/bfs/bangumi/image/a7517ca25c5c7a132a16f589e3a3c4d9f49af196.png",
            "delay": 0,
            "delay_id": 0,
            "delay_index": "",
            "delay_reason": "",
            "ep_cover": "http://i0.hdslb.com/bfs/archive/6d2261124c4108a74665fadf8f10cef951dd77fc.png",
            "episode_id": 516915,
            "follows": "49万系列追番",
            "plays": "247.3万",
            "pub_index": "第12话",
            "pub_time": "07:00",
            "pub_ts": 1656630000,
            "published": 1,
            "season_id": 41534,
            "square_cover": "http://i0.hdslb.com/bfs/bangumi/image/3267da68f7f832ccfc7eaa77c6ab3fb806d2de98.png",
            "title": "银河英雄传说：全新命题 激战"
          },
          {
            "cover": "http://i0.hdslb.com/bfs/bangumi/image/fecb68763f24d371167389abedf05742b0bf024f.png",
            "delay": 0,
            "delay_id": 0,
            "delay_index": "",
            "delay_reason": "",
            "ep_cover": "http://i0.hdslb.com/bfs/archive/e344eeca9f295402b7478c92ebb68f6f3905b32e.png",
            "episode_id": 476167,
            "follows": "2.7万追番",
            "plays": "75.1万",
            "pub_index": "第35话",
            "pub_time": "18:25",
            "pub_ts": 1656671100,
            "published": 1,
            "season_id": 38366,
            "square_cover": "http://i0.hdslb.com/bfs/bangumi/image/56b8e4369871fc0c55bfa9df3f3f8002d40f0691.png",
            "title": "妖怪手表"
          },
          {
            "cover": "http://i0.hdslb.com/bfs/bangumi/image/073a10cae926065a5a8165fddf6e953aee6eec11.jpg",
            "delay": 0,
            "delay_id": 0,
            "delay_index": "",
            "delay_reason": "",
            "ep_cover": "http://i0.hdslb.com/bfs/archive/093e90d2edcd6efa2fb11f74b0534841368778fa.png",
            "episode_id": 513617,
            "follows": "8472追番",
            "plays": "17.9万",
            "pub_index": "第6话",
            "pub_time": "19:25",
            "pub_ts": 1656674700,
            "published": 1,
            "season_id": 38246,
            "square_cover": "http://i0.hdslb.com/bfs/bangumi/image/ebf584af10f59ae8248a754fd73be0b59de8632d.png",
            "title": "新干线变形机器人 辛卡利欧Z / 进化利恩 极"
          }
        ],
        "is_today": 0
      },
      {
        "date": "7-2",
        "date_ts": 1656691200,
        "day_of_week": 6,
        "episodes": [
          {
            "cover": "http://i0.hdslb.com/bfs/bangumi/image/39f7d690deb477004673f40e0fe65c78895c94f4.png",
            "delay": 0,
            "delay_id": 0,
            "delay_index": "",
            "delay_reason": "",
            "ep_cover": "http://i0.hdslb.com/bfs/archive/d9b25c4dfe1ecb492e9c1b5adb64195e27b86ff0.png",
            "episode_id": 544859,
            "follows": "946.2万系列追番",
            "plays": "6581.7万",
            "pub_index": "第10话",
            "pub_time": "00:00",
            "pub_ts": 1656691200,
            "published": 1,
            "season_id": 41411,
            "square_cover": "http://i0.hdslb.com/bfs/bangumi/image/48c0290b66784242c5eed83965bdc79a6b62eff5.png",
            "title": "辉夜大小姐想让我告白 -究极浪漫-"
          },
          {
            "cover": "http://i0.hdslb.com/bfs/bangumi/image/4ab5cf1efbd1c5883b8f0580cb0304f5452c4665.png",
            "delay": 0,
            "delay_id": 0,
            "delay_index": "",
            "delay_reason": "",
            "ep_cover": "http://i0.hdslb.com/bfs/archive/c5fd7674283ece8db68906ba7a17d2231b74a333.png",
            "episode_id": 341407,
            "follows": "26.8万追番",
            "plays": "980.3万",
            "pub_index": "第75话",
            "pub_time": "09:30",
            "pub_ts": 1656725400,
            "published": 1,
            "season_id": 34425,
            "square_cover": "http://i0.hdslb.com/bfs/bangumi/image/ae36d43ebe7ea7176d18bab794de3d8930284feb.png",
            "title": "勇者斗恶龙 达伊的大冒险"
          },
          {
            "cover": "http://i0.hdslb.com/bfs/bangumi/image/cd7d919cacc1f14146b9f61076111ec94f394f3a.png",
            "delay": 0,
            "delay_id": 0,
            "delay_index": "",
            "delay_reason": "",
            "ep_cover": "http://i0.hdslb.com/bfs/archive/7cae0c748c39be7d6b80b2631131a3d05556a192.png",
            "episode_id": 542998,
            "follows": "5.2万系列追番",
            "plays": "50.2万",
            "pub_index": "全片",
            "pub_time": "10:00",
            "pub_ts": 1656727200,
            "published": 1,
            "season_id": 42119,
            "square_cover": "http://i0.hdslb.com/bfs/bangumi/image/0cb1859dde0fc8fac3174a841c207612f8265087.png",
            "title": "特利迦奥特曼 泽塔篇"
          },
          {
            "cover": "http://i0.hdslb.com/bfs/bangumi/image/23f393513ab8fdfbb351aa80e8b7423e7361ad98.png",
            "delay": 0,
            "delay_id": 0,
            "delay_index": "",
            "delay_reason": "",
            "ep_cover": "http://i0.hdslb.com/bfs/archive/01af609e3558dbde0c06a1f9d083088a3abab89f.png",
            "episode_id": 540945,
            "follows": "18.4万追番",
            "plays": "125万",
            "pub_index": "第7话",
            "pub_time": "18:00",
            "pub_ts": 1656756000,
            "published": 1,
            "season_id": 41535,
            "square_cover": "http://i0.hdslb.com/bfs/bangumi/image/f3f69f8747e8464ba46b9bbe24678966809c8021.png",
            "title": "Love All Play热血羽毛球 / 羽球青春 "
          },
          {
            "cover": "http://i0.hdslb.com/bfs/bangumi/image/a9497ed9b2ad8fd3b77289734769f81bd3948d75.png",
            "delay": 0,
            "delay_id": 0,
            "delay_index": "",
            "delay_reason": "",
            "ep_cover": "http://i0.hdslb.com/bfs/archive/7e9db6c77be9e5f4e42687a0bdd95163aea9f6e6.png",
            "episode_id": 542448,
            "follows": "1009.2万追番",
            "plays": "2.9亿",
            "pub_index": "第10话",
            "pub_time": "21:00",
            "pub_ts": 1656766800,
            "published": 1,
            "season_id": 41410,
            "square_cover": "http://i0.hdslb.com/bfs/bangumi/image/1b3aedf05ccaf873265a5cafc63cbdd647586997.png",
            "title": "间谍过家家"
          }
        ],
        "is_today": 0
      },
      {
        "date": "7-3",
        "date_ts": 1656777600,
        "day_of_week": 7,
        "episodes": [
          {
            "cover": "http://i0.hdslb.com/bfs/bangumi/image/71d54cae830d32a5af776dcc46632146fbdba868.jpg",
            "delay": 0,
            "delay_id": 0,
            "delay_index": "",
            "delay_reason": "",
            "ep_cover": "http://i0.hdslb.com/bfs/archive/1dfde1dbfb6d7d2909283be02ffaaa638778060d.jpg",
            "episode_id": 517085,
            "follows": "215.7万追番",
            "plays": "2.9亿",
            "pub_index": "第247话",
            "pub_time": "17:30",
            "pub_ts": 1656840600,
            "published": 1,
            "season_id": 5978,
            "square_cover": "http://i0.hdslb.com/bfs/bangumi/3121473d5dd03a9bcccb8490034207e724e731b3.jpg",
            "title": "博人传 火影忍者新时代"
          },
          {
            "cover": "http://i0.hdslb.com/bfs/bangumi/image/91e75030be41d67b9f19b96bb512b0c98ae781bd.png",
            "delay": 0,
            "delay_id": 0,
            "delay_index": "",
            "delay_reason": "",
            "ep_cover": "http://i0.hdslb.com/bfs/archive/0c57a3d4f23adf91ec25e42fa30d0262a4286783.png",
            "episode_id": 516895,
            "follows": "50.5万追番",
            "plays": "1140.8万",
            "pub_index": "第9话",
            "pub_time": "20:00",
            "pub_ts": 1656849600,
            "published": 1,
            "season_id": 41557,
            "square_cover": "http://i0.hdslb.com/bfs/bangumi/image/4329384cba4ab0390eae1a84a719e4649bf61cfb.png",
            "title": "这个治疗有点烦"
          }
        ],
        "is_today": 0
      },
      {
        "date": "7-4",
        "date_ts": 1656864000,
        "day_of_week": 1,
        "episodes": [
          {
            "cover": "http://i0.hdslb.com/bfs/bangumi/image/84436bf30990997287de1ab1d6e158ecc51938a3.png",
            "delay": 0,
            "delay_id": 0,
            "delay_index": "",
            "delay_reason": "",
            "ep_cover": "http://i0.hdslb.com/bfs/bangumi/image/8a5cadb6a1d33e2e5ee3d0050ca359e71dba6715.png",
            "episode_id": 517690,
            "follows": "3.5万追番",
            "plays": "104万",
            "pub_index": "第12话",
            "pub_time": "21:00",
            "pub_ts": 1656939600,
            "published": 0,
            "season_id": 40536,
            "square_cover": "http://i0.hdslb.com/bfs/bangumi/image/b902a0010ab8940d0f61a9e54667bc4422da3208.png",
            "title": "不能播放"
          },
          {
            "cover": "http://i0.hdslb.com/bfs/bangumi/image/54a6a79d307ff2cca7efa9bc565c8dc7489a6066.jpg",
            "delay": 0,
            "delay_id": 0,
            "delay_index": "",
            "delay_reason": "",
            "ep_cover": "http://i0.hdslb.com/bfs/bangumi/image/8d6f4f9022fa76a358feabddc6af8a5f420e3df4.png",
            "episode_id": 520762,
            "follows": "2.4万追番",
            "plays": "30.4万",
            "pub_index": "第4话",
            "pub_time": "22:30",
            "pub_ts": 1656945000,
            "published": 0,
            "season_id": 41509,
            "square_cover": "http://i0.hdslb.com/bfs/bangumi/image/94e5a57058466100c251dc4272f986881c6f9cbe.png",
            "title": "歌愈少女"
          }
        ],
        "is_today": 1
      },
      {
        "date": "7-5",
        "date_ts": 1656950400,
        "day_of_week": 2,
        "episodes": [
          {
            "cover": "http://i0.hdslb.com/bfs/bangumi/image/4e6c505b1b1631c542ea76c3da1ce08bb43faad6.jpg",
            "delay": 0,
            "delay_id": 0,
            "delay_index": "",
            "delay_reason": "",
            "ep_cover": "http://i0.hdslb.com/bfs/bangumi/image/4e6c505b1b1631c542ea76c3da1ce08bb43faad6.jpg",
            "episode_id": 510139,
            "follows": "17.3万系列追番",
            "plays": "346.6万",
            "pub_index": "第153话",
            "pub_time": "18:00",
            "pub_ts": 1657015200,
            "published": 0,
            "season_id": 23841,
            "square_cover": "http://i0.hdslb.com/bfs/bangumi/5c2f289eac0ec49bc5e6b9483f4191c42ffa2254.jpg",
            "title": "美妙☆频道"
          }
        ],
        "is_today": 0
      },
      {
        "date": "7-6",
        "date_ts": 1657036800,
        "day_of_week": 3,
        "episodes": [
          {
            "cover": "http://i0.hdslb.com/bfs/bangumi/image/99277ce3f41d1cb4dcda9f6010ebe9c9e6d345e5.jpg",
            "delay": 0,
            "delay_id": 0,
            "delay_index": "",
            "delay_reason": "",
            "ep_cover": "http://i0.hdslb.com/bfs/bangumi/image/c989d496e3a075e8bc134b0d4d53d6ca5c2ae634.jpg",
            "episode_id": 517947,
            "follows": "202.6万追番",
            "plays": "3772.6万",
            "pub_index": "第9话",
            "pub_time": "12:00",
            "pub_ts": 1657080000,
            "published": 0,
            "season_id": 41417,
            "square_cover": "http://i0.hdslb.com/bfs/bangumi/image/ef45828cb99309169e95d1bf54ec833d7968bf22.png",
            "title": "夏日重现"
          },
          {
            "cover": "http://i0.hdslb.com/bfs/bangumi/image/606cf6d776490c5b665703fe7162d1fa4c56c4a2.png",
            "delay": 0,
            "delay_id": 0,
            "delay_index": "",
            "delay_reason": "",
            "ep_cover": "http://i0.hdslb.com/bfs/bangumi/image/3aa5972906884792ebbb39450228a48c6ef0e35c.png",
            "episode_id": 517938,
            "follows": "18.9万追番",
            "plays": "157.1万",
            "pub_index": "第5话",
            "pub_time": "23:30",
            "pub_ts": 1657121400,
            "published": 0,
            "season_id": 41574,
            "square_cover": "http://i0.hdslb.com/bfs/bangumi/image/39fe928f0fa7856b24cf1523c39b483f812522aa.png",
            "title": "相合之物"
          }
        ],
        "is_today": 0
      },
      {
        "date": "7-7",
        "date_ts": 1657123200,
        "day_of_week": 4,
        "episodes": [],
        "is_today": 0
      }
    ]
  }
}