{
  "code": 0,
  "message": "0",
  "ttl": 1,
  "data": {
    "config": {
      "id": 63,
      "type": "weekly_selected",
      "number": 59,
      "subject": "你发的图片安全吗",
      "stime": 1588262400,
      "etime": 1588867199,
      "status": 2,
      "name": "2020第59期 05.01 - 05.07",
      "label": "第59期(0508更新)",
      "hint": "",
      "color": 0,
      "cover": "",
      "share_title": "你发的图片安全吗 | B站每周必看第59期",
      "share_subtitle": "业务又双叒叕拓展了！凉风教你如何保护好自己的隐私",
      "media_id": 962806688
    },
    "reminder": "每周五晚18:00更新",
    "list": [
      {
        "aid": 327986486,
        "videos": 1,
        "tid": 21,
        "tname": "日常",
        "copyright": 1,
        "pic": "http://i2.hdslb.com/bfs/archive/5a71fb85c771c761373143196302b8fddeddb1cc.jpg",
        "title": "你发的图片安全吗？",
        "pubdate": 1588392057,
        "ctime": 1588340535,
        "desc": "看完本期视频希望各位都能学会如何保护好自己的隐私\n更多生活中的凉风请参见→微博@凉风Kaze",
        "state": 0,
        "duration": 442,
        "mission_id": 13377,
        "rights": {
          "bp": 0,
          "elec": 0,
          "download": 0,
          "movie": 0,
          "pay": 0,
          "hd5": 1,
          "no_reprint": 1,
          "autoplay": 1,
          "ugc_pay": 0,
          "is_cooperation": 0,
          "ugc_pay_preview": 0,
          "no_background": 0,
          "arc_pay": 0,
          "pay_free_watch": 0
        },
        "owner": {
          "mid": 14110780,
          "name": "凉风Kaze",
          "face": "http://i1.hdslb.com/bfs/face/e0cc906bb531195e9ee9f3b575effdd2b056eaea.jpg"
        },
        "stat": {
          "aid": 327986486,
          "view": 4463018,
          "danmaku": 25819,
          "reply": 16195,
          "favorite": 109881,
          "coin": 178672,
          "share": 54959,
          "now_rank": 0,
          "his_rank": 1,
          "like": 503659,
          "dislike": 0
        },
        "dynamic": "你发的图片安全吗？",
        "cid": 185722456,
        "dimension": {
          "width": 1920,
          "height": 1080,
          "rotate": 0
        },
        "short_link": "https://b23.tv/BV12A4114726",
        "short_link_v2": "https://b23.tv/BV12A4114726",
        "bvid": "BV12A4114726",
        "season_type": 0,
        "is_ogv": false,
        "ogv_info": null,
        "rcmd_reason": "好了，现在全B站都知道怎么盗取别人图片中的信息了"
      },
      {
        "aid": 838081263,
        "videos": 1,
        "tid": 201,
        "tname": "科学科普",
        "copyright": 1,
        "pic": "http://i0.hdslb.com/bfs/archive/4148d81928a586041035b2f67439d357ff9ee222.jpg",
        "title": "【毕导】学渣的绝地求生！如何快速肝出一篇优秀的学术论文？",
        "pubdate": 1588586439,
        "ctime": 1588572181,
        "desc": "快到毕业季了，你的论文交了吗？答辩过了吗？\n还没写完论文的赶紧来补补课，今年不毕业的建议三连收藏。\n\n其他奇怪选题：\n→BV1D5411x7DD 五一聚餐挡酒指南\n→BV1Sf4y1S7DB 落猫扭转大法 \n→BV1wC4y1x7c8 科研的打怪升级之路",
        "state": 0,
        "duration": 408,
        "mission_id": 13338,
        "rights": {
          "bp": 0,
          "elec": 0,
          "download": 0,
          "movie": 0,
          "pay": 0,
          "hd5": 1,
          "no_reprint": 1,
          "autoplay": 1,
          "ugc_pay": 0,
          "is_cooperation": 0,
          "ugc_pay_preview": 0,
          "no_background": 0,
          "arc_pay": 0,
          "pay_free_watch": 0
        },
        "owner": {
          "mid": 254463269,
          "name": "毕导THU",
          "face": "http://i2.hdslb.com/bfs/face/a59d6b2dff6faa47bc07877b76f3194c598f5649.jpg"
        },
        "stat": {
          "aid": 838081263,
          "view": 3816176,
          "danmaku": 26563,
          "reply": 7456,
          "favorite": 352487,
          "coin": 351102,
          "share": 115941,
          "now_rank": 0,
          "his_rank": 2,
          "like": 423598,
          "dislike": 0
        },
        "dynamic": "#知识分享官##科学##科普# 很多人经常问我，毕导写论文好难啊！你为啥上个厕所做的视频都像一篇学术论文一样呢？有什么方法吗！看来是时候拿出我珍藏多年的论文写作技巧救你们于水火之中了！看完这个视频，你也能成为肝论文高手！",
        "cid": 186798973,
        "dimension": {
          "width": 1920,
          "height": 1080,
          "rotate": 0
        },
        "short_link": "https://b23.tv/BV1Sg4y1q79G",
        "short_link_v2": "https://b23.tv/BV1Sg4y1q79G",
        "bvid": "BV1Sg4y1q79G",
        "season_type": 0,
        "is_ogv": false,
        "ogv_info": null,
        "rcmd_reason": "有的人看着看着就码起了字"
      },
      {
        "aid": 540601597,
        "videos": 2,
        "tid": 95,
        "tname": "数码",
        "copyright": 1,
        "pic": "http://i0.hdslb.com/bfs/archive/d8713881cbcafb0d7efc965bafe750fb644bb020.jpg",
        "title": "【何同学】我用一万行备忘录做了个动画...",
        "pubdate": 1588766418,
        "ctime": 1588766229,
        "desc": "简介：\n滑屏程序：罗工\n网站 ：银翼的魔术师MX\n动画：何同学 joyteeth chq\n特效：贰33\n感谢大家的时间和努力 没有你们就没有这期视频\n备忘录动画创意来源：TikTok用户@hehimboredlol",
        "state": 0,
        "duration": 304,
        "order_id": 10023571,
        "rights": {
          "bp": 0,
          "elec": 0,
          "download": 0,
          "movie": 0,
          "pay": 0,
          "hd5": 0,
          "no_reprint": 1,
          "autoplay": 1,
          "ugc_pay": 0,
          "is_cooperation": 0,
          "ugc_pay_preview": 0,
          "no_background": 0,
          "arc_pay": 0,
          "pay_free_watch": 0
        },
        "owner": {
          "mid": 163637592,
          "name": "老师好我叫何同学",
          "face": "http://i0.hdslb.com/bfs/face/492d0bb71749332040f9d812954fa0b52e66c490.jpg"
        },
        "stat": {
          "aid": 540601597,
          "view": 7776836,
          "danmaku": 40177,
          "reply": 18210,
          "favorite": 192222,
          "coin": 688918,
          "share": 59624,
          "now_rank": 0,
          "his_rank": 1,
          "like": 907964,
          "dislike": 0
        },
        "dynamic": "我本来以为把一百个视频拼起来做片头已经很麻烦了，直到我做了这个视频......",
        "cid": 187831922,
        "dimension": {
          "width": 1080,
          "height": 1920,
          "rotate": 0
        },
        "short_link": "https://b23.tv/BV1Xi4y1x7eM",
        "short_link_v2": "https://b23.tv/BV1Xi4y1x7eM",
        "bvid": "BV1Xi4y1x7eM",
        "season_type": 0,
        "is_ogv": false,
        "ogv_info": null,
        "rcmd_reason": "太有创意了！"
      },
      {
        "aid": 925523377,
        "videos": 1,
        "tid": 22,
        "tname": "鬼畜调教",
        "copyright": 1,
        "pic": "http://i1.hdslb.com/bfs/archive/c810166cb84bd585eb572a2358478f7cbd7f269f.jpg",
        "title": "这才叫做人生导师！！！",
        "pubdate": 1588586439,
        "ctime": 1588480301,
        "desc": "从两月份开始做的作品 却直到五月份才发 希望这个作品能带给你们的不仅仅是欢笑！\n喜欢的话记得点赞三连嗷！！如果点赞过十万 就让这个故事继续下去吧\n微博@深海色带鱼",
        "state": 0,
        "duration": 195,
        "mission_id": 13385,
        "rights": {
          "bp": 0,
          "elec": 0,
          "download": 0,
          "movie": 0,
          "pay": 0,
          "hd5": 1,
          "no_reprint": 1,
          "autoplay": 1,
          "ugc_pay": 0,
          "is_cooperation": 0,
          "ugc_pay_preview": 0,
          "no_background": 0,
          "arc_pay": 0,
          "pay_free_watch": 0
        },
        "owner": {
          "mid": 5374954,
          "name": "深海色带鱼",
          "face": "http://i1.hdslb.com/bfs/face/68a02612a95b59e3895d8b55e91a556a84d1ff16.jpg"
        },
        "stat": {
          "aid": 925523377,
          "view": 3076498,
          "danmaku": 10354,
          "reply": 3188,
          "favorite": 63453,
          "coin": 73739,
          "share": 11910,
          "now_rank": 0,
          "his_rank": 11,
          "like": 251074,
          "dislike": 0
        },
        "dynamic": "泡妞常用词汇是——\n#鬼畜调教##爱情公寓##吕子乔#",
        "cid": 186364839,
        "dimension": {
          "width": 1920,
          "height": 1080,
          "rotate": 0
        },
        "short_link": "https://b23.tv/BV1VT4y137iY",
        "short_link_v2": "https://b23.tv/BV1VT4y137iY",
        "bvid": "BV1VT4y137iY",
        "season_type": 0,
        "is_ogv": false,
        "ogv_info": null,
        "rcmd_reason": "短短的三分钟却诠释了吕小布的一生！"
      },
      {
        "aid": 413049287,
        "videos": 1,
        "tid": 47,
        "tname": "短片·手书·配音",
        "copyright": 1,
        "pic": "http://i1.hdslb.com/bfs/archive/5a46eec0f9b5e3adee3198f88704486976fa95c6.jpg",
        "title": "再不开学家庭关系就无法维持了！！！",
        "pubdate": 1588497470,
        "ctime": 1588497470,
        "desc": "原番：《校园小子》\n同系列传送门：\n难道就我们学校是这样？（BV1eA411b7WQ）\n亲爹是这样督促学习的（BV1jZ4y1x7wq）\n促进亲情的小游戏（BV1Uk4y197QY）\n同学情深（BV1T541147S1）\n脚 气 攻 心（BV1zK4y1b7i4）\n\n快快快！关注我！",
        "state": 0,
        "duration": 94,
        "mission_id": 13243,
        "rights": {
          "bp": 0,
          "elec": 0,
          "download": 0,
          "movie": 0,
          "pay": 0,
          "hd5": 0,
          "no_reprint": 1,
          "autoplay": 1,
          "ugc_pay": 0,
          "is_cooperation": 0,
          "ugc_pay_preview": 0,
          "no_background": 0,
          "arc_pay": 0,
          "pay_free_watch": 0
        },
        "owner": {
          "mid": 10897973,
          "name": "小透明阿九",
          "face": "http://i2.hdslb.com/bfs/face/b8bda7082875598e6c5681fd031cfeda7f9f05e4.jpg"
        },
        "stat": {
          "aid": 413049287,
          "view": 6446979,
          "danmaku": 14522,
          "reply": 9298,
          "favorite": 123589,
          "coin": 136927,
          "share": 118930,
          "now_rank": 0,
          "his_rank": 11,
          "like": 520170,
          "dislike": 0
        },
        "dynamic": "在家里的地位是不是愈发卑微了？\n关注我，夹缝求生~",
        "cid": 229133477,
        "dimension": {
          "width": 640,
          "height": 480,
          "rotate": 0
        },
        "short_link": "https://b23.tv/BV11V411d7jG",
        "short_link_v2": "https://b23.tv/BV11V411d7jG",
        "bvid": "BV11V411d7jG",
        "season_type": 0,
        "is_ogv": false,
        "ogv_info": null,
        "rcmd_reason": "把监控器拆了好吗？"
      },
      {
        "aid": 968030032,
        "videos": 1,
        "tid": 21,
        "tname": "日常",
        "copyright": 1,
        "pic": "http://i0.hdslb.com/bfs/archive/dde24b739a11ea4831a5cdb0b3e5282b2c124b7b.jpg",
        "title": "为何有些美国人特别“反智”！大部分还是特朗普支持者？",
        "pubdate": 1588650873,
        "ctime": 1588650873,
        "desc": "",
        "state": 0,
        "duration": 361,
        "mission_id": 13259,
        "rights": {
          "bp": 0,
          "elec": 0,
          "download": 0,
          "movie": 0,
          "pay": 0,
          "hd5": 1,
          "no_reprint": 1,
          "autoplay": 1,
          "ugc_pay": 0,
          "is_cooperation": 0,
          "ugc_pay_preview": 0,
          "no_background": 0,
          "arc_pay": 0,
          "pay_free_watch": 0
        },
        "owner": {
          "mid": 176037767,
          "name": "我是郭杰瑞",
          "face": "http://i2.hdslb.com/bfs/face/6182455e4d61159121c223ddc7a3a381f2d4d056.jpg"
        },
        "stat": {
          "aid": 968030032,
          "view": 5044923,
          "danmaku": 102394,
          "reply": 33228,
          "favorite": 42228,
          "coin": 139645,
          "share": 81134,
          "now_rank": 0,
          "his_rank": 4,
          "like": 394892,
          "dislike": 0
        },
        "dynamic": "",
        "cid": 187201746,
        "dimension": {
          "width": 1920,
          "height": 1080,
          "rotate": 0
        },
        "short_link": "https://b23.tv/BV1pp4y197ex",
        "short_link_v2": "https://b23.tv/BV1pp4y197ex",
        "bvid": "BV1pp4y197ex",
        "season_type": 0,
        "is_ogv": false,
        "ogv_info": null,
        "rcmd_reason": "有的人忽视对他们不利的证据，只相信自己想看见的"
      },
      {
        "aid": 967997614,
        "videos": 1,
        "tid": 59,
        "tname": "演奏",
        "copyright": 1,
        "pic": "http://i0.hdslb.com/bfs/archive/29112c82206bc72773a1446a1937a656eb38ee22.jpg",
        "title": "【摇滚合奏】八首经典处刑曲！唤醒你的中二灵魂",
        "pubdate": 1588415431,
        "ctime": 1588278773,
        "desc": "这期视频坑开得很大，但还是坚持完成了，连续两个多星期从早做到晚，等于平均两天多时间完成一首曲子的扒带、编配、全部乐器部分的练习、音视频录制、混音和视频剪辑(其中黄金之风处刑曲因为上期视频出过完整版所以这期就没重新录了，用上期的素材做了短版)。这次更新比以往间隔时间要久就是这个原因，但确实尽全力在做了，中间有不少次心想要不还是分开做单独的曲子吧，这样付出和回报的比例会更可观一些，但又转念一想这并不是我的作风啊！相比于其他主要考虑怎么做视频能带来最高效率回报的UP，我想做的不正是这样质量精良、内容满满、有他存",
        "state": 0,
        "duration": 600,
        "mission_id": 13243,
        "rights": {
          "bp": 0,
          "elec": 0,
          "download": 0,
          "movie": 0,
          "pay": 0,
          "hd5": 1,
          "no_reprint": 1,
          "autoplay": 1,
          "ugc_pay": 0,
          "is_cooperation": 0,
          "ugc_pay_preview": 0,
          "no_background": 0,
          "arc_pay": 0,
          "pay_free_watch": 0
        },
        "owner": {
          "mid": 15897890,
          "name": "万伟康from无人周六",
          "face": "http://i2.hdslb.com/bfs/face/b7f1175847b626c5b74fafbe8112f7c140ca2b00.jpg"
        },
        "stat": {
          "aid": 967997614,
          "view": 9706942,
          "danmaku": 99090,
          "reply": 8290,
          "favorite": 409568,
          "coin": 810854,
          "share": 27997,
          "now_rank": 0,
          "his_rank": 4,
          "like": 782597,
          "dislike": 0
        },
        "dynamic": "#bilibili新星计划##动漫歌曲##演奏#爆肝大作来啦！",
        "cid": 185385623,
        "dimension": {
          "width": 1920,
          "height": 1080,
          "rotate": 0
        },
        "short_link": "https://b23.tv/BV1Gp4y19773",
        "short_link_v2": "https://b23.tv/BV1Gp4y19773",
        "bvid": "BV1Gp4y19773",
        "season_type": 0,
        "is_ogv": false,
        "ogv_info": null,
        "rcmd_reason": "一个人就是一个乐队！"
      },
      {
        "aid": 668066853,
        "videos": 1,
        "tid": 183,
        "tname": "影视剪辑",
        "copyright": 1,
        "pic": "http://i2.hdslb.com/bfs/archive/822ece95edc12ed666c1f551d57824a8c51c60bb.jpg",
        "title": "【高燃/混剪】今朝唯我，中国少年郎",
        "pubdate": 1588552689,
        "ctime": 1588552689,
        "desc": "愿中国青年都摆脱冷气，只是向上走，不必听自暴自弃者流的话。\n能做事的做事，能发声的发声。\n有一分热，发一分光，就令萤火一般，也可以在黑暗里发一点光，不必等候炬火。\n\n素材来源：\n《辛亥革命》《建军大业》《建党伟业》《青春派》《中国医生》 《守护解放西》《青春V日志》《令人心动的offer》《烈火英雄》\n李子柒：《蜀绣》、老番茄：《我毕业啦！！》、一只京京：《Vlog支教生活》、其他未提及部分素材来自网页搜索\n\n剪辑策划： 馒头、张大头",
        "state": 0,
        "duration": 234,
        "mission_id": 13406,
        "rights": {
          "bp": 0,
          "elec": 0,
          "download": 0,
          "movie": 0,
          "pay": 0,
          "hd5": 0,
          "no_reprint": 1,
          "autoplay": 1,
          "ugc_pay": 0,
          "is_cooperation": 0,
          "ugc_pay_preview": 0,
          "no_background": 0,
          "arc_pay": 0,
          "pay_free_watch": 0
        },
        "owner": {
          "mid": 487505452,
          "name": "布依绣娘",
          "face": "http://i1.hdslb.com/bfs/face/c5baf08719901cef125cda450dac68ba94c6b0dd.jpg"
        },
        "stat": {
          "aid": 668066853,
          "view": 7809905,
          "danmaku": 51121,
          "reply": 5668,
          "favorite": 379443,
          "coin": 337373,
          "share": 50990,
          "now_rank": 0,
          "his_rank": 11,
          "like": 645935,
          "dislike": 0
        },
        "dynamic": "#剪辑##影视剪影##青年#少年自有 少年狂 / 身似山河 挺脊梁 / 敢将日月 再丈量/今朝唯我 少年郎",
        "cid": 186724453,
        "dimension": {
          "width": 1920,
          "height": 1080,
          "rotate": 0
        },
        "short_link": "https://b23.tv/BV13a4y1i7o9",
        "short_link_v2": "https://b23.tv/BV13a4y1i7o9",
        "bvid": "BV13a4y1i7o9",
        "season_type": 0,
        "is_ogv": false,
        "ogv_info": null,
        "rcmd_reason": "愿中国青年都摆脱冷气，只是向上走，不必听自暴自弃者流的话。"
      },
      {
        "aid": 710585726,
        "videos": 1,
        "tid": 207,
        "tname": "财经商业",
        "copyright": 1,
        "pic": "http://i0.hdslb.com/bfs/archive/fc472bce0ea90f763a1f8022c6172bc5df1f90da.jpg",
        "title": "疫情后的新世界，我们需要了解的五大趋势【所长.深度】",
        "pubdate": 1588400743,
        "ctime": 1588400744,
        "desc": "疫情打垮全球经济，中国年轻人的未来机会在哪里？",
        "state": 0,
        "duration": 796,
        "mission_id": 13338,
        "rights": {
          "bp": 0,
          "elec": 0,
          "download": 0,
          "movie": 0,
          "pay": 0,
          "hd5": 1,
          "no_reprint": 1,
          "autoplay": 1,
          "ugc_pay": 0,
          "is_cooperation": 0,
          "ugc_pay_preview": 0,
          "no_background": 0,
          "arc_pay": 0,
          "pay_free_watch": 0
        },
        "owner": {
          "mid": 520155988,
          "name": "所长林超",
          "face": "http://i1.hdslb.com/bfs/face/bc1a14a6c811b02ef30e9e69a7eb343a677287db.jpg"
        },
        "stat": {
          "aid": 710585726,
          "view": 4554222,
          "danmaku": 89784,
          "reply": 7750,
          "favorite": 166497,
          "coin": 280506,
          "share": 69942,
          "now_rank": 0,
          "his_rank": 6,
          "like": 398537,
          "dislike": 0
        },
        "dynamic": "#知识分享官##商业##社会#疫情打垮全球经济，中国年轻人的未来机会在哪里？",
        "cid": 185947119,
        "dimension": {
          "width": 1920,
          "height": 1080,
          "rotate": 0
        },
        "short_link": "https://b23.tv/BV11Q4y1N7Ry",
        "short_link_v2": "https://b23.tv/BV11Q4y1N7Ry",
        "bvid": "BV11Q4y1N7Ry",
        "season_type": 0,
        "is_ogv": false,
        "ogv_info": null,
        "rcmd_reason": "去过度化的部分很精彩"
      },
      {
        "aid": 753055386,
        "videos": 1,
        "tid": 171,
        "tname": "电子竞技",
        "copyright": 1,
        "pic": "http://i1.hdslb.com/bfs/archive/3e3dbf0fba3c7b182ddba57f508a718af40670f2.jpg",
        "title": "我    是    谁   ？",
        "pubdate": 1588635075,
        "ctime": 1588635075,
        "desc": "作画参考：carbot爆笑系列\n感谢观看，感谢观看，感谢观看，感谢观看，感谢观看，感谢观看，感谢观看，感谢观看，感谢观看，感谢观看，感谢观看，感谢观看，感谢观看，感谢观看，感谢观看，感谢观看，感谢观看，感谢观看，感谢观看，感谢观看，感谢观看，感谢观看，感谢观看，感谢观看，感谢观看，感谢观看",
        "state": 0,
        "duration": 133,
        "mission_id": 13414,
        "rights": {
          "bp": 0,
          "elec": 0,
          "download": 0,
          "movie": 0,
          "pay": 0,
          "hd5": 0,
          "no_reprint": 1,
          "autoplay": 1,
          "ugc_pay": 0,
          "is_cooperation": 0,
          "ugc_pay_preview": 0,
          "no_background": 0,
          "arc_pay": 0,
          "pay_free_watch": 0
        },
        "owner": {
          "mid": 350628129,
          "name": "园长米线",
          "face": "http://i0.hdslb.com/bfs/face/ef2f49024ee8b5611e7e6d34781b4c0fc5f09ce3.jpg"
        },
        "stat": {
          "aid": 753055386,
          "view": 3232883,
          "danmaku": 2708,
          "reply": 2387,
          "favorite": 34688,
          "coin": 117340,
          "share": 7331,
          "now_rank": 0,
          "his_rank": 8,
          "like": 287435,
          "dislike": 0
        },
        "dynamic": "这波啊，这波是诈尸更新。",
        "cid": 187153113,
        "dimension": {
          "width": 1200,
          "height": 700,
          "rotate": 0
        },
        "short_link": "https://b23.tv/BV1xk4y1k7bV",
        "short_link_v2": "https://b23.tv/BV1xk4y1k7bV",
        "bvid": "BV1xk4y1k7bV",
        "season_type": 0,
        "is_ogv": false,
        "ogv_info": null,
        "rcmd_reason": "狡诈恶徒~"
      },
      {
        "aid": 285446476,
        "videos": 1,
        "tid": 124,
        "tname": "社科·法律·心理",
        "copyright": 1,
        "pic": "http://i0.hdslb.com/bfs/archive/cca1731fed20b58291f70c252208d193ef226469.jpg",
        "title": "【罗翔】虐待动物到底犯不犯法？",
        "pubdate": 1588651256,
        "ctime": 1588223012,
        "desc": "本期讲的内容比较发散，从虐待动物延伸到了动物福利的三种立场，再反观到人类自己。",
        "state": 0,
        "duration": 465,
        "mission_id": 13338,
        "rights": {
          "bp": 0,
          "elec": 0,
          "download": 0,
          "movie": 0,
          "pay": 0,
          "hd5": 1,
          "no_reprint": 1,
          "autoplay": 1,
          "ugc_pay": 0,
          "is_cooperation": 0,
          "ugc_pay_preview": 0,
          "no_background": 0,
          "arc_pay": 0,
          "pay_free_watch": 0
        },
        "owner": {
          "mid": 517327498,
          "name": "罗翔说刑法",
          "face": "http://i1.hdslb.com/bfs/face/4e5d0a51273fe3f8fabc700b6a71bb8a38c9e21e.jpg"
        },
        "stat": {
          "aid": 285446476,
          "view": 3260617,
          "danmaku": 47024,
          "reply": 38523,
          "favorite": 47364,
          "coin": 133776,
          "share": 19125,
          "now_rank": 0,
          "his_rank": 5,
          "like": 350181,
          "dislike": 0
        },
        "dynamic": "#知识分享官##罗翔##刑法#",
        "cid": 185052265,
        "dimension": {
          "width": 1920,
          "height": 1080,
          "rotate": 0
        },
        "short_link": "https://b23.tv/BV1Df4y1S7tB",
        "short_link_v2": "https://b23.tv/BV1Df4y1S7tB",
        "bvid": "BV1Df4y1S7tB",
        "season_type": 0,
        "is_ogv": false,
        "ogv_info": null,
        "rcmd_reason": "尊重生命"
      },
      {
        "aid": 285539577,
        "videos": 1,
        "tid": 182,
        "tname": "影视杂谈",
        "copyright": 1,
        "pic": "http://i0.hdslb.com/bfs/archive/7994da59c53091104da9f8915504ccbc74432a9a.jpg",
        "title": "【盘点】重塑三观！足以改变世界观的神级纪录片TOP10",
        "pubdate": 1588487736,
        "ctime": 1588487736,
        "desc": "盘点那些能改变你世界观的高分神级纪录片TOP10！对生命的感动；对宇宙的震撼，对历史的哀叹，对人类的敬佩……",
        "state": 0,
        "duration": 351,
        "mission_id": 13382,
        "rights": {
          "bp": 0,
          "elec": 0,
          "download": 0,
          "movie": 0,
          "pay": 0,
          "hd5": 0,
          "no_reprint": 1,
          "autoplay": 1,
          "ugc_pay": 0,
          "is_cooperation": 0,
          "ugc_pay_preview": 0,
          "no_background": 0,
          "arc_pay": 0,
          "pay_free_watch": 0
        },
        "owner": {
          "mid": 7518633,
          "name": "看不见的罗杰",
          "face": "http://i0.hdslb.com/bfs/face/cd7625c5f6f188b5213badf0caddb3e8942f586e.jpg"
        },
        "stat": {
          "aid": 285539577,
          "view": 2129560,
          "danmaku": 4345,
          "reply": 1676,
          "favorite": 212117,
          "coin": 76938,
          "share": 9320,
          "now_rank": 0,
          "his_rank": 18,
          "like": 177130,
          "dislike": 0
        },
        "dynamic": "#盘点排行##纪录片##历史那些事#",
        "cid": 186415740,
        "dimension": {
          "width": 1920,
          "height": 1080,
          "rotate": 0
        },
        "season_id": 24976,
        "short_link": "https://b23.tv/BV1xf4y1m7Bb",
        "short_link_v2": "https://b23.tv/BV1xf4y1m7Bb",
        "bvid": "BV1xf4y1m7Bb",
        "season_type": 0,
        "is_ogv": false,
        "ogv_info": null,
        "rcmd_reason": "纪录片传递着对生命的感动，对宇宙的震撼，对历史的哀叹，对人类的敬佩……"
      },
      {
        "aid": 710603783,
        "videos": 1,
        "tid": 161,
        "tname": "手工",
        "copyright": 1,
        "pic": "http://i0.hdslb.com/bfs/archive/86f511c2ece50f1fab290a14d873892773ef715e.jpg",
        "title": "自制节食健身减肥冰箱锁",
        "pubdate": 1588759846,
        "ctime": 1588759847,
        "desc": "",
        "state": 0,
        "duration": 361,
        "rights": {
          "bp": 0,
          "elec": 0,
          "download": 0,
          "movie": 0,
          "pay": 0,
          "hd5": 1,
          "no_reprint": 1,
          "autoplay": 1,
          "ugc_pay": 0,
          "is_cooperation": 0,
          "ugc_pay_preview": 0,
          "no_background": 0,
          "arc_pay": 0,
          "pay_free_watch": 0
        },
        "owner": {
          "mid": 280793434,
          "name": "手工耿",
          "face": "http://i1.hdslb.com/bfs/face/b8a75ae7d2a0e2af1d36ca9f1084d850eebb28e3.jpg"
        },
        "stat": {
          "aid": 710603783,
          "view": 4785553,
          "danmaku": 31313,
          "reply": 12786,
          "favorite": 19664,
          "coin": 104569,
          "share": 35438,
          "now_rank": 0,
          "his_rank": 9,
          "like": 325949,
          "dislike": 0
        },
        "dynamic": "#创意##食玩##手工制作#",
        "cid": 187701643,
        "dimension": {
          "width": 1080,
          "height": 1920,
          "rotate": 0
        },
        "short_link": "https://b23.tv/BV1kQ4y1N7UC",
        "short_link_v2": "https://b23.tv/BV1kQ4y1N7UC",
        "bvid": "BV1kQ4y1N7UC",
        "season_type": 0,
        "is_ogv": false,
        "ogv_info": null,
        "rcmd_reason": "这锁装厕所门上健身效果可能更好"
      },
      {
        "aid": 498102774,
        "videos": 1,
        "tid": 22,
        "tname": "鬼畜调教",
        "copyright": 1,
        "pic": "http://i2.hdslb.com/bfs/archive/1a409d8b58f34e712106bd62908351c8c486637e.jpg",
        "title": "【布施明】Havana",
        "pubdate": 1588568295,
        "ctime": 1588568295,
        "desc": "一个小脑洞，希望你喜欢。\n原曲：Havana——Camila Cabello\n新活：【布施明】可可爱爱，吉他弹坏 BV1DK4y1Y78E",
        "state": 0,
        "duration": 94,
        "rights": {
          "bp": 0,
          "elec": 0,
          "download": 0,
          "movie": 0,
          "pay": 0,
          "hd5": 0,
          "no_reprint": 1,
          "autoplay": 1,
          "ugc_pay": 0,
          "is_cooperation": 0,
          "ugc_pay_preview": 0,
          "no_background": 0,
          "arc_pay": 0,
          "pay_free_watch": 0
        },
        "owner": {
          "mid": 13205124,
          "name": "如此丶呆逼",
          "face": "http://i0.hdslb.com/bfs/face/4651b909eb791ff8abd067afc393f0b2ebeef1cd.jpg"
        },
        "stat": {
          "aid": 498102774,
          "view": 2375488,
          "danmaku": 6009,
          "reply": 3525,
          "favorite": 83463,
          "coin": 93871,
          "share": 12831,
          "now_rank": 0,
          "his_rank": 16,
          "like": 179593,
          "dislike": 0
        },
        "dynamic": "本来想加点小特效，但又觉得我拙劣的特效技巧在老艺术家丰富的表情面前略显画蛇添足，就算了。",
        "cid": 186803415,
        "dimension": {
          "width": 1280,
          "height": 720,
          "rotate": 0
        },
        "short_link": "https://b23.tv/BV13K411W7Xt",
        "short_link_v2": "https://b23.tv/BV13K411W7Xt",
        "bvid": "BV13K411W7Xt",
        "season_type": 0,
        "is_ogv": false,
        "ogv_info": null,
        "rcmd_reason": "开启洗脑循环"
      },
      {
        "aid": 667977672,
        "videos": 1,
        "tid": 239,
        "tname": "家居房产",
        "copyright": 1,
        "pic": "http://i2.hdslb.com/bfs/archive/9fe6d2d938800aaeb99c44d9112f2142e8af9f0a.jpg",
        "title": "【艾叔】[4K] 中式桃花源，5亩苏州园林私家豪宅长什么样",
        "pubdate": 1588319527,
        "ctime": 1588319528,
        "desc": "中式桃花源，5亩苏州园林私家豪宅到底长什么样，跟着艾叔，来看看吧。",
        "state": 0,
        "duration": 886,
        "mission_id": 13259,
        "rights": {
          "bp": 0,
          "elec": 0,
          "download": 0,
          "movie": 0,
          "pay": 0,
          "hd5": 1,
          "no_reprint": 1,
          "autoplay": 1,
          "ugc_pay": 0,
          "is_cooperation": 0,
          "ugc_pay_preview": 0,
          "no_background": 0,
          "arc_pay": 0,
          "pay_free_watch": 0
        },
        "owner": {
          "mid": 470156882,
          "name": "小艾大叔",
          "face": "http://i2.hdslb.com/bfs/face/b16398e01085cc874936a504c35d03a40063279e.jpg"
        },
        "stat": {
          "aid": 667977672,
          "view": 5563110,
          "danmaku": 527492,
          "reply": 10784,
          "favorite": 131506,
          "coin": 387345,
          "share": 149108,
          "now_rank": 0,
          "his_rank": 15,
          "like": 422707,
          "dislike": 0
        },
        "dynamic": "#豪宅##杭州##房地产#中式桃花源，5亩苏州园林私家豪宅到底长什么样，跟着艾叔，来看看吧。",
        "cid": 351004106,
        "dimension": {
          "width": 3840,
          "height": 2160,
          "rotate": 0
        },
        "season_id": 1039,
        "short_link": "https://b23.tv/BV1Ra4y1v7PW",
        "short_link_v2": "https://b23.tv/BV1Ra4y1v7PW",
        "bvid": "BV1Ra4y1v7PW",
        "season_type": 0,
        "is_ogv": false,
        "ogv_info": null,
        "rcmd_reason": "做梦的素材增加了"
      },
      {
        "aid": 200594622,
        "videos": 1,
        "tid": 59,
        "tname": "演奏",
        "copyright": 1,
        "pic": "http://i0.hdslb.com/bfs/archive/d324b9e173948305028011778fb06f84d1b539f0.jpg",
        "title": "100首无侵犯版权之忧的曲子",
        "pubdate": 1588606139,
        "ctime": 1588606139,
        "desc": "100首无侵犯版权之忧的曲子",
        "state": 0,
        "duration": 1343,
        "rights": {
          "bp": 0,
          "elec": 0,
          "download": 0,
          "movie": 0,
          "pay": 0,
          "hd5": 1,
          "no_reprint": 1,
          "autoplay": 1,
          "ugc_pay": 0,
          "is_cooperation": 0,
          "ugc_pay_preview": 0,
          "no_background": 0,
          "arc_pay": 0,
          "pay_free_watch": 0
        },
        "owner": {
          "mid": 262453663,
          "name": "Vinheteiro",
          "face": "http://i1.hdslb.com/bfs/face/28da8278906ae94d243237a7aa07d4af87466c52.jpg"
        },
        "stat": {
          "aid": 200594622,
          "view": 1965186,
          "danmaku": 11447,
          "reply": 4338,
          "favorite": 74309,
          "coin": 49533,
          "share": 4258,
          "now_rank": 0,
          "his_rank": 10,
          "like": 150666,
          "dislike": 0
        },
        "dynamic": "",
        "cid": 187057195,
        "dimension": {
          "width": 3840,
          "height": 2160,
          "rotate": 0
        },
        "short_link": "https://b23.tv/BV1Gz411q7jH",
        "short_link_v2": "https://b23.tv/BV1Gz411q7jH",
        "bvid": "BV1Gz411q7jH",
        "season_type": 0,
        "is_ogv": false,
        "ogv_info": null,
        "rcmd_reason": "瞪眼时长反映曲子难度"
      },
      {
        "aid": 583100568,
        "videos": 1,
        "tid": 21,
        "tname": "日常",
        "copyright": 1,
        "pic": "http://i2.hdslb.com/bfs/archive/e58598c1236ccd2233d1af7c1844a887e5801785.jpg",
        "title": "【朱一旦】181 我的编剧跑路了",
        "pubdate": 1588682027,
        "ctime": 1588682027,
        "desc": "公众号：朱一旦的枯燥生活\n微博@朱一旦的枯燥生活\nYouTube  【朱一旦的枯燥生活】官方频道\n网易云/知乎：朱一旦的枯燥生活\nBgm：美丽拍档——胡伟立",
        "state": 0,
        "duration": 90,
        "mission_id": 13382,
        "rights": {
          "bp": 0,
          "elec": 0,
          "download": 0,
          "movie": 0,
          "pay": 0,
          "hd5": 1,
          "no_reprint": 1,
          "autoplay": 1,
          "ugc_pay": 0,
          "is_cooperation": 0,
          "ugc_pay_preview": 0,
          "no_background": 0,
          "arc_pay": 0,
          "pay_free_watch": 0
        },
        "owner": {
          "mid": 437316738,
          "name": "朱一旦的枯燥生活",
          "face": "http://i0.hdslb.com/bfs/face/48ad92f9e0eb9516f491ed18457e2a73e865ea8c.jpg"
        },
        "stat": {
          "aid": 583100568,
          "view": 10744533,
          "danmaku": 9133,
          "reply": 15730,
          "favorite": 32011,
          "coin": 213528,
          "share": 11439,
          "now_rank": 0,
          "his_rank": 5,
          "like": 511275,
          "dislike": 0
        },
        "dynamic": "#全能打卡挑战# #朱一旦# #枯燥#",
        "cid": 187433507,
        "dimension": {
          "width": 1080,
          "height": 1920,
          "rotate": 0
        },
        "short_link": "https://b23.tv/BV1vz4y1R7YX",
        "short_link_v2": "https://b23.tv/BV1vz4y1R7YX",
        "bvid": "BV1vz4y1R7YX",
        "season_type": 0,
        "is_ogv": false,
        "ogv_info": null,
        "rcmd_reason": "结 合 时 事"
      },
      {
        "aid": 285527026,
        "videos": 1,
        "tid": 27,
        "tname": "综合",
        "copyright": 1,
        "pic": "http://i1.hdslb.com/bfs/archive/e1d3da46205e4664a92bb641e1a8a5db1e78a6d0.jpg",
        "title": "神作云集！十一年前的辉煌！2009动画高分榜TOP10！",
        "pubdate": 1588346657,
        "ctime": 1588346657,
        "desc": "收集评分数据+特殊的定制算法，得出的2009年动画高分TOP10！ 点赞过20万继续出其他年份的！\n微博 @泛式 https://weibo.com/FunShiki",
        "state": 0,
        "duration": 947,
        "rights": {
          "bp": 0,
          "elec": 0,
          "download": 0,
          "movie": 0,
          "pay": 0,
          "hd5": 0,
          "no_reprint": 1,
          "autoplay": 1,
          "ugc_pay": 0,
          "is_cooperation": 0,
          "ugc_pay_preview": 0,
          "no_background": 0,
          "arc_pay": 0,
          "pay_free_watch": 0
        },
        "owner": {
          "mid": 63231,
          "name": "泛式",
          "face": "http://i0.hdslb.com/bfs/face/5f60d345059b82f0878984d9f9133f45b33b82be.jpg"
        },
        "stat": {
          "aid": 285527026,
          "view": 2896352,
          "danmaku": 49956,
          "reply": 13529,
          "favorite": 78784,
          "coin": 164250,
          "share": 9296,
          "now_rank": 0,
          "his_rank": 15,
          "like": 288827,
          "dislike": 0
        },
        "dynamic": "泛尔冯斯，你给我等着，我一定会给你投币的！",
        "cid": 185775357,
        "dimension": {
          "width": 1920,
          "height": 1080,
          "rotate": 0
        },
        "short_link": "https://b23.tv/BV1pf4y1m7hB",
        "short_link_v2": "https://b23.tv/BV1pf4y1m7hB",
        "bvid": "BV1pf4y1m7hB",
        "season_type": 0,
        "is_ogv": false,
        "ogv_info": null,
        "rcmd_reason": "良心的补番推荐！"
      },
      {
        "aid": 753022617,
        "videos": 2,
        "tid": 154,
        "tname": "舞蹈综合",
        "copyright": 1,
        "pic": "http://i0.hdslb.com/bfs/archive/8ee186dbe342d64f692e90cb65c8b1fca5167d4d.jpg",
        "title": "失 恋 阵 线 联 盟【高清重制版】",
        "pubdate": 1588667458,
        "ctime": 1588615441,
        "desc": "草蜢 - 失恋阵线联盟（《家有仙妻》主题曲）\n原MV：BV18x411Y7H3",
        "state": 0,
        "duration": 244,
        "mission_id": 13223,
        "rights": {
          "bp": 0,
          "elec": 0,
          "download": 0,
          "movie": 0,
          "pay": 0,
          "hd5": 1,
          "no_reprint": 1,
          "autoplay": 1,
          "ugc_pay": 0,
          "is_cooperation": 1,
          "ugc_pay_preview": 0,
          "no_background": 0,
          "arc_pay": 0,
          "pay_free_watch": 0
        },
        "owner": {
          "mid": 808171,
          "name": "吃素的狮子",
          "face": "http://i1.hdslb.com/bfs/face/dd773c9572494338ada15aa10262a510f161baf1.jpg"
        },
        "stat": {
          "aid": 753022617,
          "view": 3699574,
          "danmaku": 9651,
          "reply": 10687,
          "favorite": 50955,
          "coin": 132058,
          "share": 11940,
          "now_rank": 0,
          "his_rank": 7,
          "like": 220612,
          "dislike": 0
        },
        "dynamic": "我们不仅会拍沙雕VLOG，也会跳舞哦！",
        "cid": 187075861,
        "dimension": {
          "width": 1920,
          "height": 1080,
          "rotate": 0
        },
        "short_link": "https://b23.tv/BV1Lk4y1k7yj",
        "short_link_v2": "https://b23.tv/BV1Lk4y1k7yj",
        "bvid": "BV1Lk4y1k7yj",
        "season_type": 0,
        "is_ogv": false,
        "ogv_info": null,
        "rcmd_reason": "像素级复刻"
      },
      {
        "aid": 455596000,
        "videos": 1,
        "tid": 17,
        "tname": "单机游戏",
        "copyright": 1,
        "pic": "http://i2.hdslb.com/bfs/archive/5881ee7dad05d404a6c112813a2ade2c8baf7077.jpg",
        "title": "第一次去公司上班，差点把公司都拆完了",
        "pubdate": 1588592649,
        "ctime": 1588592650,
        "desc": "游戏：good job\n大家要是喜欢这个视频的话可以素质三连哦~\n也可以顺便关注我的频道\n爱你们哟~",
        "state": 0,
        "duration": 1187,
        "mission_id": 13415,
        "rights": {
          "bp": 0,
          "elec": 0,
          "download": 0,
          "movie": 0,
          "pay": 0,
          "hd5": 0,
          "no_reprint": 1,
          "autoplay": 1,
          "ugc_pay": 0,
          "is_cooperation": 0,
          "ugc_pay_preview": 0,
          "no_background": 0,
          "arc_pay": 0,
          "pay_free_watch": 0
        },
        "owner": {
          "mid": 562197,
          "name": "中国BOY超级大猩猩",
          "face": "http://i0.hdslb.com/bfs/face/ffb50dd4e712386eb888030ebc6f4aea3a65cd8e.jpg"
        },
        "stat": {
          "aid": 455596000,
          "view": 4586180,
          "danmaku": 50501,
          "reply": 7240,
          "favorite": 49292,
          "coin": 97259,
          "share": 9090,
          "now_rank": 0,
          "his_rank": 8,
          "like": 295646,
          "dislike": 0
        },
        "dynamic": "富二代来上班了！",
        "cid": 186951810,
        "dimension": {
          "width": 1920,
          "height": 1080,
          "rotate": 0
        },
        "short_link": "https://b23.tv/BV1a54114796",
        "short_link_v2": "https://b23.tv/BV1a54114796",
        "bvid": "BV1a54114796",
        "season_type": 0,
        "is_ogv": false,
        "ogv_info": null,
        "rcmd_reason": "上班模拟器（╳） 败家子模拟器（√）"
      },
      {
        "aid": 455537881,
        "videos": 1,
        "tid": 17,
        "tname": "单机游戏",
        "copyright": 1,
        "pic": "http://i1.hdslb.com/bfs/archive/9937a63934436f86e97ff23a6f6c7264f03985f3.jpg",
        "title": "世界上BUG最多的搞笑游戏 每局2000个BUG",
        "pubdate": 1588409103,
        "ctime": 1588409103,
        "desc": "希望各位能够【收藏】 支持，收藏过2W我会快速更新！",
        "state": 0,
        "duration": 408,
        "mission_id": 13415,
        "rights": {
          "bp": 0,
          "elec": 0,
          "download": 0,
          "movie": 0,
          "pay": 0,
          "hd5": 0,
          "no_reprint": 1,
          "autoplay": 1,
          "ugc_pay": 0,
          "is_cooperation": 0,
          "ugc_pay_preview": 0,
          "no_background": 0,
          "arc_pay": 0,
          "pay_free_watch": 0
        },
        "owner": {
          "mid": 10558098,
          "name": "黑镖客梦回",
          "face": "http://i0.hdslb.com/bfs/face/eea214e23f627cedaa364deccd61ba67ecd120f1.jpg"
        },
        "stat": {
          "aid": 455537881,
          "view": 9772781,
          "danmaku": 30827,
          "reply": 3426,
          "favorite": 74200,
          "coin": 62026,
          "share": 10632,
          "now_rank": 0,
          "his_rank": 13,
          "like": 327646,
          "dislike": 0
        },
        "dynamic": "希望各位能够【收藏】 支持，收藏过2W我会快速更新！ #沙雕##bug##UFO#",
        "cid": 186017932,
        "dimension": {
          "width": 1920,
          "height": 1080,
          "rotate": 0
        },
        "short_link": "https://b23.tv/BV15541147i1",
        "short_link_v2": "https://b23.tv/BV15541147i1",
        "bvid": "BV15541147i1",
        "season_type": 0,
        "is_ogv": false,
        "ogv_info": null,
        "rcmd_reason": "买BUG送游戏系列"
      },
      {
        "aid": 243097059,
        "videos": 1,
        "tid": 17,
        "tname": "单机游戏",
        "copyright": 1,
        "pic": "http://i1.hdslb.com/bfs/archive/d41e5c04bb50917e216d80262e1dcb55ef271bce.jpg",
        "title": "【Minecraft】因为热爱，所以坚持",
        "pubdate": 1588688390,
        "ctime": 1588688390,
        "desc": "十万粉丝典藏版！ICE首个四分钟以上的视频\n连续肝了两天，希望你能看完\n-BGM : AnDyWuMUSICLAND - 【Something Just Like This (Megamix)】\n-本期视频部分使用地图【Broville v11】（发布者：Oldshoes）；\n                                   【The dropper 2, Newton VS Darwin】（作者：BIGRE）；\n                                   【",
        "state": 0,
        "duration": 247,
        "mission_id": 13243,
        "rights": {
          "bp": 0,
          "elec": 0,
          "download": 0,
          "movie": 0,
          "pay": 0,
          "hd5": 0,
          "no_reprint": 1,
          "autoplay": 1,
          "ugc_pay": 0,
          "is_cooperation": 0,
          "ugc_pay_preview": 0,
          "no_background": 0,
          "arc_pay": 0,
          "pay_free_watch": 0
        },
        "owner": {
          "mid": 490670548,
          "name": "Minecraft-ICE",
          "face": "http://i1.hdslb.com/bfs/face/d4fb2e75122ef379a7370cf3c06fafc103fff9d5.jpg"
        },
        "stat": {
          "aid": 243097059,
          "view": 1541401,
          "danmaku": 26299,
          "reply": 4211,
          "favorite": 113073,
          "coin": 204505,
          "share": 14380,
          "now_rank": 0,
          "his_rank": 6,
          "like": 209458,
          "dislike": 0
        },
        "dynamic": "#我的世界##Minecraft##剪辑#",
        "cid": 187476023,
        "dimension": {
          "width": 1920,
          "height": 1008,
          "rotate": 0
        },
        "short_link": "https://b23.tv/BV1Ce411p7MF",
        "short_link_v2": "https://b23.tv/BV1Ce411p7MF",
        "bvid": "BV1Ce411p7MF",
        "season_type": 0,
        "is_ogv": false,
        "ogv_info": null,
        "rcmd_reason": "因为热爱这世界，所以热爱这人生"
      },
      {
        "aid": 668085660,
        "videos": 1,
        "tid": 21,
        "tname": "日常",
        "copyright": 1,
        "pic": "http://i1.hdslb.com/bfs/archive/0fc515c335e4e3554a8bc6878a98368d9205b06e.jpg",
        "title": "华农兄弟：今年的萢子熟了，摘点来尝一下，很美味哦",
        "pubdate": 1588735851,
        "ctime": 1588735856,
        "desc": "华农兄弟：今年的萢子熟了，摘点来尝一下，很美味哦",
        "state": 0,
        "duration": 216,
        "mission_id": 13240,
        "rights": {
          "bp": 0,
          "elec": 0,
          "download": 0,
          "movie": 0,
          "pay": 0,
          "hd5": 0,
          "no_reprint": 1,
          "autoplay": 1,
          "ugc_pay": 0,
          "is_cooperation": 0,
          "ugc_pay_preview": 0,
          "no_background": 0,
          "arc_pay": 0,
          "pay_free_watch": 0
        },
        "owner": {
          "mid": 250858633,
          "name": "华农兄弟",
          "face": "http://i1.hdslb.com/bfs/face/bac504655c69ab937b0be4557e27535f794b0c66.jpg"
        },
        "stat": {
          "aid": 668085660,
          "view": 1722269,
          "danmaku": 18609,
          "reply": 6158,
          "favorite": 4411,
          "coin": 25635,
          "share": 3363,
          "now_rank": 0,
          "his_rank": 13,
          "like": 136355,
          "dislike": 0
        },
        "dynamic": "华农兄弟：今年的萢子熟了，摘点来尝一下，很美味哦",
        "cid": 187463637,
        "dimension": {
          "width": 1920,
          "height": 1080,
          "rotate": 0
        },
        "short_link": "https://b23.tv/BV1xa4y1i7f7",
        "short_link_v2": "https://b23.tv/BV1xa4y1i7f7",
        "bvid": "BV1xa4y1i7f7",
        "season_type": 0,
        "is_ogv": false,
        "ogv_info": null,
        "rcmd_reason": "《游萢馋山记》"
      },
      {
        "aid": 752992591,
        "videos": 1,
        "tid": 28,
        "tname": "原创音乐",
        "copyright": 1,
        "pic": "http://i1.hdslb.com/bfs/archive/10f3e0edb0bacb7274ef0db5fe64793d702ddee4.jpg",
        "title": "【王者之歌】王者荣耀·100英雄群像献礼歌《百战成诗》",
        "pubdate": 1588381204,
        "ctime": 1588381217,
        "desc": "2020年王者荣耀随玄雍版本正式上线，王者峡谷正式拥有100位英雄，王者荣耀同人局携手102位知名歌手及实力制作团队，共同创作这首百人英雄印象曲《百战成诗》。与我为伍，彼此守护！本命英雄，共战峡谷！\n总策划：令狐襄儿\n策划：杨小盆儿、安西千岁\n作词：令狐襄儿\n作曲：少司命\n编曲：willen\n演唱：102位，详见歌词\n和声：willen、沉鱼\n混音：CReiFu\n视频：琉璃猫映像、锋约\n总监制：安西千岁、祁九\n音乐监制：少司命\n艺术监制：令狐襄儿\n歌手统筹：邪里邪气、执素兮、江苹果\n鸣谢：锋约、杂货铺工作",
        "state": 0,
        "duration": 397,
        "rights": {
          "bp": 0,
          "elec": 0,
          "download": 0,
          "movie": 0,
          "pay": 0,
          "hd5": 1,
          "no_reprint": 1,
          "autoplay": 1,
          "ugc_pay": 0,
          "is_cooperation": 0,
          "ugc_pay_preview": 0,
          "no_background": 0,
          "arc_pay": 0,
          "pay_free_watch": 0
        },
        "owner": {
          "mid": 57863910,
          "name": "王者荣耀",
          "face": "http://i0.hdslb.com/bfs/face/effbafff589a27f02148d15bca7e97031a31d772.jpg"
        },
        "stat": {
          "aid": 752992591,
          "view": 12685216,
          "danmaku": 368094,
          "reply": 27007,
          "favorite": 408550,
          "coin": 433808,
          "share": 141610,
          "now_rank": 0,
          "his_rank": 14,
          "like": 532605,
          "dislike": 0
        },
        "dynamic": "2020年王者荣耀随玄雍版本正式上线，王者峡谷正式拥有100位英雄，王者荣耀同人局携手102位知名歌手及实力制作团队，共同创作这首百人英雄印象曲《百战成诗》。与我为伍，彼此守护！本命英雄，共战峡谷！\n#王者荣耀##五五开黑节##百战成诗#",
        "cid": 185697359,
        "dimension": {
          "width": 1920,
          "height": 1080,
          "rotate": 0
        },
        "season_id": 328329,
        "short_link": "https://b23.tv/BV1ok4y1r7Cq",
        "short_link_v2": "https://b23.tv/BV1ok4y1r7Cq",
        "bvid": "BV1ok4y1r7Cq",
        "season_type": 0,
        "is_ogv": false,
        "ogv_info": null,
        "rcmd_reason": "这歌真上头"
      },
      {
        "aid": 838014832,
        "videos": 1,
        "tid": 207,
        "tname": "财经商业",
        "copyright": 1,
        "pic": "http://i0.hdslb.com/bfs/archive/8f2252eedd42d835422f87c4591e4cb51760e92c.jpg",
        "title": "【半佛】如何躲避投资理财骗局。",
        "pubdate": 1588583525,
        "ctime": 1588583525,
        "desc": "保护好自己的钱包，他们长这么大也不容易。",
        "state": 0,
        "duration": 829,
        "mission_id": 13338,
        "rights": {
          "bp": 0,
          "elec": 0,
          "download": 0,
          "movie": 0,
          "pay": 0,
          "hd5": 1,
          "no_reprint": 1,
          "autoplay": 1,
          "ugc_pay": 0,
          "is_cooperation": 0,
          "ugc_pay_preview": 0,
          "no_background": 0,
          "arc_pay": 0,
          "pay_free_watch": 0
        },
        "owner": {
          "mid": 37663924,
          "name": "硬核的半佛仙人",
          "face": "http://i1.hdslb.com/bfs/face/aaf33dced1941af0946f37c62f4b48fcaba9c9a2.jpg"
        },
        "stat": {
          "aid": 838014832,
          "view": 2755329,
          "danmaku": 15114,
          "reply": 6394,
          "favorite": 64860,
          "coin": 142311,
          "share": 51169,
          "now_rank": 0,
          "his_rank": 4,
          "like": 221842,
          "dislike": 0
        },
        "dynamic": "很多人问投资理财防坑的问题，我想干脆一次性解决掉。",
        "cid": 187238297,
        "dimension": {
          "width": 1920,
          "height": 1080,
          "rotate": 0
        },
        "short_link": "https://b23.tv/BV13g4y1676D",
        "short_link_v2": "https://b23.tv/BV13g4y1676D",
        "bvid": "BV13g4y1676D",
        "season_type": 0,
        "is_ogv": false,
        "ogv_info": null,
        "rcmd_reason": "保护好自己的钱包，它们长这么大也不容易。"
      },
      {
        "aid": 498038452,
        "videos": 1,
        "tid": 193,
        "tname": "MV",
        "copyright": 1,
        "pic": "http://i0.hdslb.com/bfs/archive/aba7b134e8229421f3daf571caf39ac5e5c4fdfa.jpg",
        "title": "斗牛 - 华晨宇",
        "pubdate": 1588471251,
        "ctime": 1588414833,
        "desc": "#bilibili音乐 · 联合发布#  \n华晨宇《斗牛》MV首播！来了来了他来了！\n更多官方内容，请关注 @大家的音乐姬 @华晨宇工作室",
        "state": 0,
        "duration": 385,
        "rights": {
          "bp": 0,
          "elec": 0,
          "download": 0,
          "movie": 0,
          "pay": 0,
          "hd5": 1,
          "no_reprint": 1,
          "autoplay": 1,
          "ugc_pay": 0,
          "is_cooperation": 1,
          "ugc_pay_preview": 0,
          "no_background": 0,
          "arc_pay": 0,
          "pay_free_watch": 0
        },
        "owner": {
          "mid": 32708543,
          "name": "大家的音乐姬",
          "face": "http://i2.hdslb.com/bfs/face/0ca64c82fbfdfdf0604b4a7a5f1eb9ba0cce454d.jpg"
        },
        "stat": {
          "aid": 498038452,
          "view": 2281015,
          "danmaku": 50855,
          "reply": 42847,
          "favorite": 75393,
          "coin": 119957,
          "share": 38978,
          "now_rank": 0,
          "his_rank": 3,
          "like": 127967,
          "dislike": 0
        },
        "dynamic": "#bilibili音乐 · 联合发布#  \n#华晨宇#《斗牛》MV首播！来了来了他来了！\n更多官方内容，请关注 @大家的音乐姬 @华晨宇工作室",
        "cid": 186059678,
        "dimension": {
          "width": 1920,
          "height": 1080,
          "rotate": 0
        },
        "short_link": "https://b23.tv/BV1mK41157BN",
        "short_link_v2": "https://b23.tv/BV1mK41157BN",
        "bvid": "BV1mK41157BN",
        "season_type": 0,
        "is_ogv": false,
        "ogv_info": null,
        "rcmd_reason": "性向善，才是人类最后的骄傲和胜算"
      },
      {
        "aid": 285617335,
        "videos": 1,
        "tid": 138,
        "tname": "搞笑",
        "copyright": 1,
        "pic": "http://i2.hdslb.com/bfs/archive/4e8bfaa20848dc9b5f45fa6aeee67b7c3c6a7ebd.jpg",
        "title": "谋 权 篡 位 3",
        "pubdate": 1588851916,
        "ctime": 1588851916,
        "desc": "希望观众老爷喜欢这个系列！ \n素质三连，创作不易，希望你喜欢！",
        "state": 0,
        "duration": 579,
        "mission_id": 13400,
        "rights": {
          "bp": 0,
          "elec": 0,
          "download": 0,
          "movie": 0,
          "pay": 0,
          "hd5": 0,
          "no_reprint": 1,
          "autoplay": 1,
          "ugc_pay": 0,
          "is_cooperation": 0,
          "ugc_pay_preview": 0,
          "no_background": 0,
          "arc_pay": 0,
          "pay_free_watch": 0
        },
        "owner": {
          "mid": 5970160,
          "name": "小潮院长",
          "face": "http://i1.hdslb.com/bfs/face/834eb0de8d2f470bf03e4ea92831b14f3824c863.jpg"
        },
        "stat": {
          "aid": 285617335,
          "view": 13147912,
          "danmaku": 85810,
          "reply": 10361,
          "favorite": 110829,
          "coin": 320531,
          "share": 16731,
          "now_rank": 0,
          "his_rank": 2,
          "like": 1036225,
          "dislike": 0
        },
        "dynamic": "谋 权 篡 位 3\n\n#搞笑##恶搞##VLOG#",
        "cid": 188228282,
        "dimension": {
          "width": 1920,
          "height": 1080,
          "rotate": 0
        },
        "short_link": "https://b23.tv/BV1Ff4y1U7ah",
        "short_link_v2": "https://b23.tv/BV1Ff4y1U7ah",
        "bvid": "BV1Ff4y1U7ah",
        "season_type": 0,
        "is_ogv": false,
        "ogv_info": null,
        "rcmd_reason": "谋权篡位解锁方式：掀小潮被子"
      },
      {
        "aid": 668057718,
        "videos": 1,
        "tid": 172,
        "tname": "手机游戏",
        "copyright": 1,
        "pic": "http://i1.hdslb.com/bfs/archive/fc433bc207b2267ef574b881aa8bdf9acd823e08.jpg",
        "title": "番茄带你迷宫竞速！",
        "pubdate": 1588503603,
        "ctime": 1588423183,
        "desc": "游戏：不思议迷宫",
        "state": 0,
        "duration": 749,
        "order_id": 10020581,
        "rights": {
          "bp": 0,
          "elec": 0,
          "download": 0,
          "movie": 0,
          "pay": 0,
          "hd5": 0,
          "no_reprint": 1,
          "autoplay": 1,
          "ugc_pay": 0,
          "is_cooperation": 0,
          "ugc_pay_preview": 0,
          "no_background": 0,
          "arc_pay": 0,
          "pay_free_watch": 0
        },
        "owner": {
          "mid": 546195,
          "name": "老番茄",
          "face": "http://i0.hdslb.com/bfs/face/bc5ca101313d4db223c395d64779e76eb3482d60.jpg"
        },
        "stat": {
          "aid": 668057718,
          "view": 5093421,
          "danmaku": 21633,
          "reply": 9387,
          "favorite": 17817,
          "coin": 40885,
          "share": 2573,
          "now_rank": 0,
          "his_rank": 19,
          "like": 254515,
          "dislike": 0
        },
        "dynamic": "#不思议迷宫#",
        "cid": 186101142,
        "dimension": {
          "width": 1920,
          "height": 1080,
          "rotate": 0
        },
        "short_link": "https://b23.tv/BV1ua4y1i7mR",
        "short_link_v2": "https://b23.tv/BV1ua4y1i7mR",
        "bvid": "BV1ua4y1i7mR",
        "season_type": 0,
        "is_ogv": false,
        "ogv_info": null,
        "rcmd_reason": "看标题格式识内容[doge]"
      },
      {
        "aid": 837800174,
        "videos": 1,
        "tid": 208,
        "tname": "校园学习",
        "copyright": 2,
        "pic": "http://i1.hdslb.com/bfs/archive/3bf4c32cbb7a590dddbc1061946aaa49af65d7b9.jpg",
        "title": "【英文听力练习600句】彻底提高您的英文听力水平",
        "pubdate": 1587895171,
        "ctime": 1587135368,
        "desc": "常用英文口语 高效练习英语听力",
        "state": 0,
        "duration": 8744,
        "rights": {
          "bp": 0,
          "elec": 0,
          "download": 0,
          "movie": 0,
          "pay": 0,
          "hd5": 0,
          "no_reprint": 0,
          "autoplay": 1,
          "ugc_pay": 0,
          "is_cooperation": 0,
          "ugc_pay_preview": 0,
          "no_background": 0,
          "arc_pay": 0,
          "pay_free_watch": 0
        },
        "owner": {
          "mid": 442056197,
          "name": "李圆圆Emma",
          "face": "http://i2.hdslb.com/bfs/face/b97115fb254768f68df763367adfadaff81fb42e.jpg"
        },
        "stat": {
          "aid": 837800174,
          "view": 4059508,
          "danmaku": 48673,
          "reply": 5172,
          "favorite": 731803,
          "coin": 101212,
          "share": 38470,
          "now_rank": 0,
          "his_rank": 2,
          "like": 310764,
          "dislike": 0
        },
        "dynamic": "#英语学习##英语口语##英语听力#",
        "cid": 179745139,
        "dimension": {
          "width": 1280,
          "height": 720,
          "rotate": 0
        },
        "short_link": "https://b23.tv/BV1Xg4y187KB",
        "short_link_v2": "https://b23.tv/BV1Xg4y187KB",
        "bvid": "BV1Xg4y187KB",
        "season_type": 0,
        "is_ogv": false,
        "ogv_info": null,
        "rcmd_reason": "练习英语听力的绝佳材料"
      }
    ]
  }
}