{
  "code": 0,
  "message": "0",
  "ttl": 1,
  "data": [
    {
      "tag_id": 5251,
      "tag_name": "科幻",
      "cover": "http://i0.hdslb.com/bfs/archive/1e864e3ab3c0c73728c03fb6e900121096ab5cd9.jpg",
      "head_cover": "http://i0.hdslb.com/bfs/archive/01f91876cc434f70d39f650ddb28517f7b82fed5.jpg",
      "content": "未来是什么样的？",
      "short_content": "科学与幻想的未来间距",
      "type": 3,
      "state": 0,
      "ctime": 1436866637,
      "count": {
        "view": 0,
        "use": 654759,
        "atten": 458187
      },
      "is_atten": 0,
      "likes": 0,
      "hates": 0,
      "attribute": 0,
      "liked": 0,
      "hated": 0,
      "extra_attr": 0
    },
    {
      "tag_id": 530918,
      "tag_name": "动漫杂谈",
      "cover": "http://i0.hdslb.com/bfs/archive/be3d054dc19bc1666d6006a56a0b3e6b4282ba69.jpg",
      "head_cover": "",
      "content": "",
      "short_content": "",
      "type": 3,
      "state": 0,
      "ctime": 1436866637,
      "count": {
        "view": 0,
        "use": 434829,
        "atten": 511575
      },
      "is_atten": 0,
      "likes": 0,
      "hates": 0,
      "attribute": 0,
      "liked": 0,
      "hated": 0,
      "extra_attr": 0
    },
    {
      "tag_id": 3158,
      "tag_name": "战争",
      "cover": "",
      "head_cover": "",
      "content": "",
      "short_content": "",
      "type": 3,
      "state": 0,
      "ctime": 1436866637,
      "count": {
        "view": 0,
        "use": 644746,
        "atten": 72904
      },
      "is_atten": 0,
      "likes": 0,
      "hates": 0,
      "attribute": 0,
      "liked": 0,
      "hated": 0,
      "extra_attr": 0
    },
    {
      "tag_id": 1270464,
      "tag_name": "谭雅战记",
      "cover": "",
      "head_cover": "",
      "content": "",
      "short_content": "",
      "type": 3,
      "state": 0,
      "ctime": 1436866637,
      "count": {
        "view": 0,
        "use": 4914,
        "atten": 2573
      },
      "is_atten": 0,
      "likes": 0,
      "hates": 0,
      "attribute": 0,
      "liked": 0,
      "hated": 0,
      "extra_attr": 1
    },
    {
      "tag_id": 3844,
      "tag_name": "穿越",
      "cover": "",
      "head_cover": "",
      "content": "",
      "short_content": "",
      "type": 3,
      "state": 0,
      "ctime": 1436866637,
      "count": {
        "view": 0,
        "use": 129699,
        "atten": 1396
      },
      "is_atten": 0,
      "likes": 0,
      "hates": 0,
      "attribute": 0,
      "liked": 0,
      "hated": 0,
      "extra_attr": 0
    },
    {
      "tag_id": 204155,
      "tag_name": "动漫解说",
      "cover": "",
      "head_cover": "",
      "content": "",
      "short_content": "",
      "type": 0,
      "state": 0,
      "ctime": 1436866637,
      "count": {
        "view": 0,
        "use": 68983,
        "atten": 721
      },
      "is_atten": 0,
      "likes": 0,
      "hates": 0,
      "attribute": 0,
      "liked": 0,
      "hated": 0,
      "extra_attr": 0
    },
    {
      "tag_id": 968725,
      "tag_name": "幼女战记",
      "cover": "",
      "head_cover": "",
      "content": "",
      "short_content": "",
      "type": 0,
      "state": 0,
      "ctime": 1436866637,
      "count": {
        "view": 0,
        "use": 631,
        "atten": 567
      },
      "is_atten": 0,
      "likes": 0,
      "hates": 0,
      "attribute": 0,
      "liked": 0,
      "hated": 0,
      "extra_attr": 1
    },
    {
      "tag_id": 482163,
      "tag_name": "转生",
      "cover": "",
      "head_cover": "",
      "content": "",
      "short_content": "",
      "type": 0,
      "state": 0,
      "ctime": 1436866637,
      "count": {
        "view": 0,
        "use": 4313,
        "atten": 41
      },
      "is_atten": 0,
      "likes": 0,
      "hates": 0,
      "attribute": 0,
      "liked": 0,
      "hated": 0,
      "extra_attr": 0
    },
    {
      "tag_id": 47426,
      "tag_name": "补番推荐",
      "cover": "",
      "head_cover": "",
      "content": "",
      "short_content": "",
      "type": 0,
      "state": 0,
      "ctime": 1436866637,
      "count": {
        "view": 0,
        "use": 254075,
        "atten": 200443
      },
      "is_atten": 0,
      "likes": 0,
      "hates": 0,
      "attribute": 0,
      "liked": 0,
      "hated": 0,
      "extra_attr": 1
    },
    {
      "tag_id": 1714538,
      "tag_name": "星计划",
      "cover": "",
      "head_cover": "",
      "content": "",
      "short_content": "",
      "type": 0,
      "state": 0,
      "ctime": 1463908112,
      "count": {
        "view": 0,
        "use": 87636,
        "atten": 15
      },
      "is_atten": 0,
      "likes": 0,
      "hates": 0,
      "attribute": 0,
      "liked": 0,
      "hated": 0,
      "extra_attr": 1
    },
    {
      "tag_id": 2138081,
      "tag_name": "番剧推荐",
      "cover": "",
      "head_cover": "",
      "content": "",
      "short_content": "",
      "type": 0,
      "state": 0,
      "ctime": 1469884627,
      "count": {
        "view": 0,
        "use": 30086,
        "atten": 5075
      },
      "is_atten": 0,
      "likes": 0,
      "hates": 0,
      "attribute": 0,
      "liked": 0,
      "hated": 0,
      "extra_attr": 1
    },
    {
      "tag_id": 10511051,
      "tag_name": "打卡挑战",
      "cover": "",
      "head_cover": "",
      "content": "",
      "short_content": "",
      "type": 0,
      "state": 0,
      "ctime": 1556983868,
      "count": {
        "view": 0,
        "use": 62488154,
        "atten": 13574
      },
      "is_atten": 0,
      "likes": 0,
      "hates": 0,
      "attribute": 0,
      "liked": 0,
      "hated": 0,
      "extra_attr": 1
    }
  ]
}