[{"name":"boost_channel","qualifiedName":"boost_channel","href":"boost_channel/boost_channel-library.html","type":"library","overriddenDepth":0,"packageName":"flutter_boost"},{"name":"BoostChannel","qualifiedName":"boost_channel.BoostChannel","href":"boost_channel/BoostChannel-class.html","type":"class","overriddenDepth":0,"packageName":"flutter_boost","enclosedBy":{"name":"boost_channel","type":"library"}},{"name":"addEventListener","qualifiedName":"boost_channel.BoostChannel.addEventListener","href":"boost_channel/BoostChannel/addEventListener.html","type":"method","overriddenDepth":0,"packageName":"flutter_boost","enclosedBy":{"name":"BoostChannel","type":"class"}},{"name":"instance","qualifiedName":"boost_channel.BoostChannel.instance","href":"boost_channel/BoostChannel/instance.html","type":"property","overriddenDepth":0,"packageName":"flutter_boost","enclosedBy":{"name":"BoostChannel","type":"class"}},{"name":"sendEventToNative","qualifiedName":"boost_channel.BoostChannel.sendEventToNative","href":"boost_channel/BoostChannel/sendEventToNative.html","type":"method","overriddenDepth":0,"packageName":"flutter_boost","enclosedBy":{"name":"BoostChannel","type":"class"}},{"name":"EventListener","qualifiedName":"boost_channel.EventListener","href":"boost_channel/EventListener.html","type":"typedef","overriddenDepth":0,"packageName":"flutter_boost","enclosedBy":{"name":"boost_channel","type":"library"}},{"name":"boost_container","qualifiedName":"boost_container","href":"boost_container/boost_container-library.html","type":"library","overriddenDepth":0,"packageName":"flutter_boost"},{"name":"BoostContainer","qualifiedName":"boost_container.BoostContainer","href":"boost_container/BoostContainer-class.html","type":"class","overriddenDepth":0,"packageName":"flutter_boost","enclosedBy":{"name":"boost_container","type":"library"}},{"name":"BoostContainer","qualifiedName":"boost_container.BoostContainer.BoostContainer","href":"boost_container/BoostContainer/BoostContainer.html","type":"constructor","overriddenDepth":0,"packageName":"flutter_boost","enclosedBy":{"name":"BoostContainer","type":"class"}},{"name":"addPage","qualifiedName":"boost_container.BoostContainer.addPage","href":"boost_container/BoostContainer/addPage.html","type":"method","overriddenDepth":0,"packageName":"flutter_boost","enclosedBy":{"name":"BoostContainer","type":"class"}},{"name":"key","qualifiedName":"boost_container.BoostContainer.key","href":"boost_container/BoostContainer/key.html","type":"property","overriddenDepth":0,"packageName":"flutter_boost","enclosedBy":{"name":"BoostContainer","type":"class"}},{"name":"navigator","qualifiedName":"boost_container.BoostContainer.navigator","href":"boost_container/BoostContainer/navigator.html","type":"property","overriddenDepth":0,"packageName":"flutter_boost","enclosedBy":{"name":"BoostContainer","type":"class"}},{"name":"numPages","qualifiedName":"boost_container.BoostContainer.numPages","href":"boost_container/BoostContainer/numPages.html","type":"method","overriddenDepth":0,"packageName":"flutter_boost","enclosedBy":{"name":"BoostContainer","type":"class"}},{"name":"of","qualifiedName":"boost_container.BoostContainer.of","href":"boost_container/BoostContainer/of.html","type":"method","overriddenDepth":0,"packageName":"flutter_boost","enclosedBy":{"name":"BoostContainer","type":"class"}},{"name":"pageInfo","qualifiedName":"boost_container.BoostContainer.pageInfo","href":"boost_container/BoostContainer/pageInfo.html","type":"property","overriddenDepth":0,"packageName":"flutter_boost","enclosedBy":{"name":"BoostContainer","type":"class"}},{"name":"pages","qualifiedName":"boost_container.BoostContainer.pages","href":"boost_container/BoostContainer/pages.html","type":"property","overriddenDepth":0,"packageName":"flutter_boost","enclosedBy":{"name":"BoostContainer","type":"class"}},{"name":"removePage","qualifiedName":"boost_container.BoostContainer.removePage","href":"boost_container/BoostContainer/removePage.html","type":"method","overriddenDepth":0,"packageName":"flutter_boost","enclosedBy":{"name":"BoostContainer","type":"class"}},{"name":"toString","qualifiedName":"boost_container.BoostContainer.toString","href":"boost_container/BoostContainer/toString.html","type":"method","overriddenDepth":1,"packageName":"flutter_boost","enclosedBy":{"name":"BoostContainer","type":"class"}},{"name":"topPage","qualifiedName":"boost_container.BoostContainer.topPage","href":"boost_container/BoostContainer/topPage.html","type":"property","overriddenDepth":0,"packageName":"flutter_boost","enclosedBy":{"name":"BoostContainer","type":"class"}},{"name":"BoostContainerState","qualifiedName":"boost_container.BoostContainerState","href":"boost_container/BoostContainerState-class.html","type":"class","overriddenDepth":0,"packageName":"flutter_boost","enclosedBy":{"name":"boost_container","type":"library"}},{"name":"BoostContainerState","qualifiedName":"boost_container.BoostContainerState.BoostContainerState","href":"boost_container/BoostContainerState/BoostContainerState.html","type":"constructor","overriddenDepth":0,"packageName":"flutter_boost","enclosedBy":{"name":"BoostContainerState","type":"class"}},{"name":"build","qualifiedName":"boost_container.BoostContainerState.build","href":"boost_container/BoostContainerState/build.html","type":"method","overriddenDepth":1,"packageName":"flutter_boost","enclosedBy":{"name":"BoostContainerState","type":"class"}},{"name":"container","qualifiedName":"boost_container.BoostContainerState.container","href":"boost_container/BoostContainerState/container.html","type":"property","overriddenDepth":0,"packageName":"flutter_boost","enclosedBy":{"name":"BoostContainerState","type":"class"}},{"name":"didUpdateWidget","qualifiedName":"boost_container.BoostContainerState.didUpdateWidget","href":"boost_container/BoostContainerState/didUpdateWidget.html","type":"method","overriddenDepth":1,"packageName":"flutter_boost","enclosedBy":{"name":"BoostContainerState","type":"class"}},{"name":"dispose","qualifiedName":"boost_container.BoostContainerState.dispose","href":"boost_container/BoostContainerState/dispose.html","type":"method","overriddenDepth":1,"packageName":"flutter_boost","enclosedBy":{"name":"BoostContainerState","type":"class"}},{"name":"initState","qualifiedName":"boost_container.BoostContainerState.initState","href":"boost_container/BoostContainerState/initState.html","type":"method","overriddenDepth":1,"packageName":"flutter_boost","enclosedBy":{"name":"BoostContainerState","type":"class"}},{"name":"refreshContainer","qualifiedName":"boost_container.BoostContainerState.refreshContainer","href":"boost_container/BoostContainerState/refreshContainer.html","type":"method","overriddenDepth":0,"packageName":"flutter_boost","enclosedBy":{"name":"BoostContainerState","type":"class"}},{"name":"BoostContainerWidget","qualifiedName":"boost_container.BoostContainerWidget","href":"boost_container/BoostContainerWidget-class.html","type":"class","overriddenDepth":0,"packageName":"flutter_boost","enclosedBy":{"name":"boost_container","type":"library"}},{"name":"operator ==","qualifiedName":"boost_container.BoostContainerWidget.==","href":"boost_container/BoostContainerWidget/operator_equals.html","type":"method","overriddenDepth":2,"packageName":"flutter_boost","enclosedBy":{"name":"BoostContainerWidget","type":"class"}},{"name":"BoostContainerWidget","qualifiedName":"boost_container.BoostContainerWidget.BoostContainerWidget","href":"boost_container/BoostContainerWidget/BoostContainerWidget.html","type":"constructor","overriddenDepth":0,"packageName":"flutter_boost","enclosedBy":{"name":"BoostContainerWidget","type":"class"}},{"name":"container","qualifiedName":"boost_container.BoostContainerWidget.container","href":"boost_container/BoostContainerWidget/container.html","type":"property","overriddenDepth":0,"packageName":"flutter_boost","enclosedBy":{"name":"BoostContainerWidget","type":"class"}},{"name":"createState","qualifiedName":"boost_container.BoostContainerWidget.createState","href":"boost_container/BoostContainerWidget/createState.html","type":"method","overriddenDepth":1,"packageName":"flutter_boost","enclosedBy":{"name":"BoostContainerWidget","type":"class"}},{"name":"hashCode","qualifiedName":"boost_container.BoostContainerWidget.hashCode","href":"boost_container/BoostContainerWidget/hashCode.html","type":"property","overriddenDepth":0,"packageName":"flutter_boost","enclosedBy":{"name":"BoostContainerWidget","type":"class"}},{"name":"NavigatorExt","qualifiedName":"boost_container.NavigatorExt","href":"boost_container/NavigatorExt-class.html","type":"class","overriddenDepth":0,"packageName":"flutter_boost","enclosedBy":{"name":"boost_container","type":"library"}},{"name":"NavigatorExt","qualifiedName":"boost_container.NavigatorExt.NavigatorExt","href":"boost_container/NavigatorExt/NavigatorExt.html","type":"constructor","overriddenDepth":0,"packageName":"flutter_boost","enclosedBy":{"name":"NavigatorExt","type":"class"}},{"name":"createState","qualifiedName":"boost_container.NavigatorExt.createState","href":"boost_container/NavigatorExt/createState.html","type":"method","overriddenDepth":2,"packageName":"flutter_boost","enclosedBy":{"name":"NavigatorExt","type":"class"}},{"name":"NavigatorExtState","qualifiedName":"boost_container.NavigatorExtState","href":"boost_container/NavigatorExtState-class.html","type":"class","overriddenDepth":0,"packageName":"flutter_boost","enclosedBy":{"name":"boost_container","type":"library"}},{"name":"NavigatorExtState","qualifiedName":"boost_container.NavigatorExtState.NavigatorExtState","href":"boost_container/NavigatorExtState/NavigatorExtState.html","type":"constructor","overriddenDepth":0,"packageName":"flutter_boost","enclosedBy":{"name":"NavigatorExtState","type":"class"}},{"name":"pop","qualifiedName":"boost_container.NavigatorExtState.pop","href":"boost_container/NavigatorExtState/pop.html","type":"method","overriddenDepth":1,"packageName":"flutter_boost","enclosedBy":{"name":"NavigatorExtState","type":"class"}},{"name":"boost_flutter_binding","qualifiedName":"boost_flutter_binding","href":"boost_flutter_binding/boost_flutter_binding-library.html","type":"library","overriddenDepth":0,"packageName":"flutter_boost"},{"name":"BoostFlutterBinding","qualifiedName":"boost_flutter_binding.BoostFlutterBinding","href":"boost_flutter_binding/BoostFlutterBinding-mixin.html","type":"mixin","overriddenDepth":0,"packageName":"flutter_boost","enclosedBy":{"name":"boost_flutter_binding","type":"library"}},{"name":"BoostFlutterBinding","qualifiedName":"boost_flutter_binding.BoostFlutterBinding.BoostFlutterBinding","href":"boost_flutter_binding/BoostFlutterBinding/BoostFlutterBinding.html","type":"constructor","overriddenDepth":0,"packageName":"flutter_boost","enclosedBy":{"name":"BoostFlutterBinding","type":"mixin"}},{"name":"changeAppLifecycleState","qualifiedName":"boost_flutter_binding.BoostFlutterBinding.changeAppLifecycleState","href":"boost_flutter_binding/BoostFlutterBinding/changeAppLifecycleState.html","type":"method","overriddenDepth":0,"packageName":"flutter_boost","enclosedBy":{"name":"BoostFlutterBinding","type":"mixin"}},{"name":"handleAppLifecycleStateChanged","qualifiedName":"boost_flutter_binding.BoostFlutterBinding.handleAppLifecycleStateChanged","href":"boost_flutter_binding/BoostFlutterBinding/handleAppLifecycleStateChanged.html","type":"method","overriddenDepth":1,"packageName":"flutter_boost","enclosedBy":{"name":"BoostFlutterBinding","type":"mixin"}},{"name":"initInstances","qualifiedName":"boost_flutter_binding.BoostFlutterBinding.initInstances","href":"boost_flutter_binding/BoostFlutterBinding/initInstances.html","type":"method","overriddenDepth":1,"packageName":"flutter_boost","enclosedBy":{"name":"BoostFlutterBinding","type":"mixin"}},{"name":"instance","qualifiedName":"boost_flutter_binding.BoostFlutterBinding.instance","href":"boost_flutter_binding/BoostFlutterBinding/instance.html","type":"property","overriddenDepth":0,"packageName":"flutter_boost","enclosedBy":{"name":"BoostFlutterBinding","type":"mixin"}},{"name":"boost_flutter_router_api","qualifiedName":"boost_flutter_router_api","href":"boost_flutter_router_api/boost_flutter_router_api-library.html","type":"library","overriddenDepth":0,"packageName":"flutter_boost"},{"name":"BoostFlutterRouterApi","qualifiedName":"boost_flutter_router_api.BoostFlutterRouterApi","href":"boost_flutter_router_api/BoostFlutterRouterApi-class.html","type":"class","overriddenDepth":0,"packageName":"flutter_boost","enclosedBy":{"name":"boost_flutter_router_api","type":"library"}},{"name":"BoostFlutterRouterApi","qualifiedName":"boost_flutter_router_api.BoostFlutterRouterApi.BoostFlutterRouterApi","href":"boost_flutter_router_api/BoostFlutterRouterApi/BoostFlutterRouterApi.html","type":"constructor","overriddenDepth":0,"packageName":"flutter_boost","enclosedBy":{"name":"BoostFlutterRouterApi","type":"class"}},{"name":"appState","qualifiedName":"boost_flutter_router_api.BoostFlutterRouterApi.appState","href":"boost_flutter_router_api/BoostFlutterRouterApi/appState.html","type":"property","overriddenDepth":0,"packageName":"flutter_boost","enclosedBy":{"name":"BoostFlutterRouterApi","type":"class"}},{"name":"onBackground","qualifiedName":"boost_flutter_router_api.BoostFlutterRouterApi.onBackground","href":"boost_flutter_router_api/BoostFlutterRouterApi/onBackground.html","type":"method","overriddenDepth":1,"packageName":"flutter_boost","enclosedBy":{"name":"BoostFlutterRouterApi","type":"class"}},{"name":"onContainerHide","qualifiedName":"boost_flutter_router_api.BoostFlutterRouterApi.onContainerHide","href":"boost_flutter_router_api/BoostFlutterRouterApi/onContainerHide.html","type":"method","overriddenDepth":1,"packageName":"flutter_boost","enclosedBy":{"name":"BoostFlutterRouterApi","type":"class"}},{"name":"onContainerShow","qualifiedName":"boost_flutter_router_api.BoostFlutterRouterApi.onContainerShow","href":"boost_flutter_router_api/BoostFlutterRouterApi/onContainerShow.html","type":"method","overriddenDepth":1,"packageName":"flutter_boost","enclosedBy":{"name":"BoostFlutterRouterApi","type":"class"}},{"name":"onForeground","qualifiedName":"boost_flutter_router_api.BoostFlutterRouterApi.onForeground","href":"boost_flutter_router_api/BoostFlutterRouterApi/onForeground.html","type":"method","overriddenDepth":1,"packageName":"flutter_boost","enclosedBy":{"name":"BoostFlutterRouterApi","type":"class"}},{"name":"onNativeResult","qualifiedName":"boost_flutter_router_api.BoostFlutterRouterApi.onNativeResult","href":"boost_flutter_router_api/BoostFlutterRouterApi/onNativeResult.html","type":"method","overriddenDepth":1,"packageName":"flutter_boost","enclosedBy":{"name":"BoostFlutterRouterApi","type":"class"}},{"name":"popRoute","qualifiedName":"boost_flutter_router_api.BoostFlutterRouterApi.popRoute","href":"boost_flutter_router_api/BoostFlutterRouterApi/popRoute.html","type":"method","overriddenDepth":1,"packageName":"flutter_boost","enclosedBy":{"name":"BoostFlutterRouterApi","type":"class"}},{"name":"popUntilRoute","qualifiedName":"boost_flutter_router_api.BoostFlutterRouterApi.popUntilRoute","href":"boost_flutter_router_api/BoostFlutterRouterApi/popUntilRoute.html","type":"method","overriddenDepth":0,"packageName":"flutter_boost","enclosedBy":{"name":"BoostFlutterRouterApi","type":"class"}},{"name":"pushRoute","qualifiedName":"boost_flutter_router_api.BoostFlutterRouterApi.pushRoute","href":"boost_flutter_router_api/BoostFlutterRouterApi/pushRoute.html","type":"method","overriddenDepth":1,"packageName":"flutter_boost","enclosedBy":{"name":"BoostFlutterRouterApi","type":"class"}},{"name":"removeRoute","qualifiedName":"boost_flutter_router_api.BoostFlutterRouterApi.removeRoute","href":"boost_flutter_router_api/BoostFlutterRouterApi/removeRoute.html","type":"method","overriddenDepth":1,"packageName":"flutter_boost","enclosedBy":{"name":"BoostFlutterRouterApi","type":"class"}},{"name":"sendEventToFlutter","qualifiedName":"boost_flutter_router_api.BoostFlutterRouterApi.sendEventToFlutter","href":"boost_flutter_router_api/BoostFlutterRouterApi/sendEventToFlutter.html","type":"method","overriddenDepth":1,"packageName":"flutter_boost","enclosedBy":{"name":"BoostFlutterRouterApi","type":"class"}},{"name":"boost_interceptor","qualifiedName":"boost_interceptor","href":"boost_interceptor/boost_interceptor-library.html","type":"library","overriddenDepth":0,"packageName":"flutter_boost"},{"name":"BoostInterceptor","qualifiedName":"boost_interceptor.BoostInterceptor","href":"boost_interceptor/BoostInterceptor-class.html","type":"class","overriddenDepth":0,"packageName":"flutter_boost","enclosedBy":{"name":"boost_interceptor","type":"library"}},{"name":"BoostInterceptor","qualifiedName":"boost_interceptor.BoostInterceptor.BoostInterceptor","href":"boost_interceptor/BoostInterceptor/BoostInterceptor.html","type":"constructor","overriddenDepth":0,"packageName":"flutter_boost","enclosedBy":{"name":"BoostInterceptor","type":"class"}},{"name":"onPush","qualifiedName":"boost_interceptor.BoostInterceptor.onPush","href":"boost_interceptor/BoostInterceptor/onPush.html","type":"method","overriddenDepth":0,"packageName":"flutter_boost","enclosedBy":{"name":"BoostInterceptor","type":"class"}},{"name":"BoostInterceptorOption","qualifiedName":"boost_interceptor.BoostInterceptorOption","href":"boost_interceptor/BoostInterceptorOption-class.html","type":"class","overriddenDepth":0,"packageName":"flutter_boost","enclosedBy":{"name":"boost_interceptor","type":"library"}},{"name":"BoostInterceptorOption","qualifiedName":"boost_interceptor.BoostInterceptorOption.BoostInterceptorOption","href":"boost_interceptor/BoostInterceptorOption/BoostInterceptorOption.html","type":"constructor","overriddenDepth":0,"packageName":"flutter_boost","enclosedBy":{"name":"BoostInterceptorOption","type":"class"}},{"name":"arguments","qualifiedName":"boost_interceptor.BoostInterceptorOption.arguments","href":"boost_interceptor/BoostInterceptorOption/arguments.html","type":"property","overriddenDepth":0,"packageName":"flutter_boost","enclosedBy":{"name":"BoostInterceptorOption","type":"class"}},{"name":"name","qualifiedName":"boost_interceptor.BoostInterceptorOption.name","href":"boost_interceptor/BoostInterceptorOption/name.html","type":"property","overriddenDepth":0,"packageName":"flutter_boost","enclosedBy":{"name":"BoostInterceptorOption","type":"class"}},{"name":"toString","qualifiedName":"boost_interceptor.BoostInterceptorOption.toString","href":"boost_interceptor/BoostInterceptorOption/toString.html","type":"method","overriddenDepth":1,"packageName":"flutter_boost","enclosedBy":{"name":"BoostInterceptorOption","type":"class"}},{"name":"InterceptorResultType","qualifiedName":"boost_interceptor.InterceptorResultType","href":"boost_interceptor/InterceptorResultType-class.html","type":"enum","overriddenDepth":0,"packageName":"flutter_boost","enclosedBy":{"name":"boost_interceptor","type":"library"}},{"name":"toString","qualifiedName":"boost_interceptor.InterceptorResultType.toString","href":"boost_interceptor/InterceptorResultType/toString.html","type":"method","overriddenDepth":1,"packageName":"flutter_boost","enclosedBy":{"name":"InterceptorResultType","type":"enum"}},{"name":"InterceptorState","qualifiedName":"boost_interceptor.InterceptorState","href":"boost_interceptor/InterceptorState-class.html","type":"class","overriddenDepth":0,"packageName":"flutter_boost","enclosedBy":{"name":"boost_interceptor","type":"library"}},{"name":"InterceptorState","qualifiedName":"boost_interceptor.InterceptorState.InterceptorState","href":"boost_interceptor/InterceptorState/InterceptorState.html","type":"constructor","overriddenDepth":0,"packageName":"flutter_boost","enclosedBy":{"name":"InterceptorState","type":"class"}},{"name":"data","qualifiedName":"boost_interceptor.InterceptorState.data","href":"boost_interceptor/InterceptorState/data.html","type":"property","overriddenDepth":0,"packageName":"flutter_boost","enclosedBy":{"name":"InterceptorState","type":"class"}},{"name":"type","qualifiedName":"boost_interceptor.InterceptorState.type","href":"boost_interceptor/InterceptorState/type.html","type":"property","overriddenDepth":0,"packageName":"flutter_boost","enclosedBy":{"name":"InterceptorState","type":"class"}},{"name":"PushInterceptorHandler","qualifiedName":"boost_interceptor.PushInterceptorHandler","href":"boost_interceptor/PushInterceptorHandler-class.html","type":"class","overriddenDepth":0,"packageName":"flutter_boost","enclosedBy":{"name":"boost_interceptor","type":"library"}},{"name":"PushInterceptorHandler","qualifiedName":"boost_interceptor.PushInterceptorHandler.PushInterceptorHandler","href":"boost_interceptor/PushInterceptorHandler/PushInterceptorHandler.html","type":"constructor","overriddenDepth":0,"packageName":"flutter_boost","enclosedBy":{"name":"PushInterceptorHandler","type":"class"}},{"name":"future","qualifiedName":"boost_interceptor.PushInterceptorHandler.future","href":"boost_interceptor/PushInterceptorHandler/future.html","type":"property","overriddenDepth":0,"packageName":"flutter_boost","enclosedBy":{"name":"PushInterceptorHandler","type":"class"}},{"name":"isCompleted","qualifiedName":"boost_interceptor.PushInterceptorHandler.isCompleted","href":"boost_interceptor/PushInterceptorHandler/isCompleted.html","type":"property","overriddenDepth":0,"packageName":"flutter_boost","enclosedBy":{"name":"PushInterceptorHandler","type":"class"}},{"name":"next","qualifiedName":"boost_interceptor.PushInterceptorHandler.next","href":"boost_interceptor/PushInterceptorHandler/next.html","type":"method","overriddenDepth":0,"packageName":"flutter_boost","enclosedBy":{"name":"PushInterceptorHandler","type":"class"}},{"name":"resolve","qualifiedName":"boost_interceptor.PushInterceptorHandler.resolve","href":"boost_interceptor/PushInterceptorHandler/resolve.html","type":"method","overriddenDepth":0,"packageName":"flutter_boost","enclosedBy":{"name":"PushInterceptorHandler","type":"class"}},{"name":"boost_lifecycle_binding","qualifiedName":"boost_lifecycle_binding","href":"boost_lifecycle_binding/boost_lifecycle_binding-library.html","type":"library","overriddenDepth":0,"packageName":"flutter_boost"},{"name":"BoostLifecycleBinding","qualifiedName":"boost_lifecycle_binding.BoostLifecycleBinding","href":"boost_lifecycle_binding/BoostLifecycleBinding-class.html","type":"class","overriddenDepth":0,"packageName":"flutter_boost","enclosedBy":{"name":"boost_lifecycle_binding","type":"library"}},{"name":"appDidEnterBackground","qualifiedName":"boost_lifecycle_binding.BoostLifecycleBinding.appDidEnterBackground","href":"boost_lifecycle_binding/BoostLifecycleBinding/appDidEnterBackground.html","type":"method","overriddenDepth":0,"packageName":"flutter_boost","enclosedBy":{"name":"BoostLifecycleBinding","type":"class"}},{"name":"appDidEnterForeground","qualifiedName":"boost_lifecycle_binding.BoostLifecycleBinding.appDidEnterForeground","href":"boost_lifecycle_binding/BoostLifecycleBinding/appDidEnterForeground.html","type":"method","overriddenDepth":0,"packageName":"flutter_boost","enclosedBy":{"name":"BoostLifecycleBinding","type":"class"}},{"name":"containerDidHide","qualifiedName":"boost_lifecycle_binding.BoostLifecycleBinding.containerDidHide","href":"boost_lifecycle_binding/BoostLifecycleBinding/containerDidHide.html","type":"method","overriddenDepth":0,"packageName":"flutter_boost","enclosedBy":{"name":"BoostLifecycleBinding","type":"class"}},{"name":"containerDidPop","qualifiedName":"boost_lifecycle_binding.BoostLifecycleBinding.containerDidPop","href":"boost_lifecycle_binding/BoostLifecycleBinding/containerDidPop.html","type":"method","overriddenDepth":0,"packageName":"flutter_boost","enclosedBy":{"name":"BoostLifecycleBinding","type":"class"}},{"name":"containerDidPush","qualifiedName":"boost_lifecycle_binding.BoostLifecycleBinding.containerDidPush","href":"boost_lifecycle_binding/BoostLifecycleBinding/containerDidPush.html","type":"method","overriddenDepth":0,"packageName":"flutter_boost","enclosedBy":{"name":"BoostLifecycleBinding","type":"class"}},{"name":"containerDidShow","qualifiedName":"boost_lifecycle_binding.BoostLifecycleBinding.containerDidShow","href":"boost_lifecycle_binding/BoostLifecycleBinding/containerDidShow.html","type":"method","overriddenDepth":0,"packageName":"flutter_boost","enclosedBy":{"name":"BoostLifecycleBinding","type":"class"}},{"name":"hasShownPageIds","qualifiedName":"boost_lifecycle_binding.BoostLifecycleBinding.hasShownPageIds","href":"boost_lifecycle_binding/BoostLifecycleBinding/hasShownPageIds.html","type":"property","overriddenDepth":0,"packageName":"flutter_boost","enclosedBy":{"name":"BoostLifecycleBinding","type":"class"}},{"name":"instance","qualifiedName":"boost_lifecycle_binding.BoostLifecycleBinding.instance","href":"boost_lifecycle_binding/BoostLifecycleBinding/instance.html","type":"property","overriddenDepth":0,"packageName":"flutter_boost","enclosedBy":{"name":"BoostLifecycleBinding","type":"class"}},{"name":"routeDidPop","qualifiedName":"boost_lifecycle_binding.BoostLifecycleBinding.routeDidPop","href":"boost_lifecycle_binding/BoostLifecycleBinding/routeDidPop.html","type":"method","overriddenDepth":0,"packageName":"flutter_boost","enclosedBy":{"name":"BoostLifecycleBinding","type":"class"}},{"name":"routeDidPush","qualifiedName":"boost_lifecycle_binding.BoostLifecycleBinding.routeDidPush","href":"boost_lifecycle_binding/BoostLifecycleBinding/routeDidPush.html","type":"method","overriddenDepth":0,"packageName":"flutter_boost","enclosedBy":{"name":"BoostLifecycleBinding","type":"class"}},{"name":"routeDidRemove","qualifiedName":"boost_lifecycle_binding.BoostLifecycleBinding.routeDidRemove","href":"boost_lifecycle_binding/BoostLifecycleBinding/routeDidRemove.html","type":"method","overriddenDepth":0,"packageName":"flutter_boost","enclosedBy":{"name":"BoostLifecycleBinding","type":"class"}},{"name":"boost_navigator","qualifiedName":"boost_navigator","href":"boost_navigator/boost_navigator-library.html","type":"library","overriddenDepth":0,"packageName":"flutter_boost"},{"name":"BoostNavigator","qualifiedName":"boost_navigator.BoostNavigator","href":"boost_navigator/BoostNavigator-class.html","type":"class","overriddenDepth":0,"packageName":"flutter_boost","enclosedBy":{"name":"boost_navigator","type":"library"}},{"name":"appState","qualifiedName":"boost_navigator.BoostNavigator.appState","href":"boost_navigator/BoostNavigator/appState.html","type":"property","overriddenDepth":0,"packageName":"flutter_boost","enclosedBy":{"name":"BoostNavigator","type":"class"}},{"name":"getTopByContext","qualifiedName":"boost_navigator.BoostNavigator.getTopByContext","href":"boost_navigator/BoostNavigator/getTopByContext.html","type":"method","overriddenDepth":0,"packageName":"flutter_boost","enclosedBy":{"name":"BoostNavigator","type":"class"}},{"name":"getTopPageInfo","qualifiedName":"boost_navigator.BoostNavigator.getTopPageInfo","href":"boost_navigator/BoostNavigator/getTopPageInfo.html","type":"method","overriddenDepth":0,"packageName":"flutter_boost","enclosedBy":{"name":"BoostNavigator","type":"class"}},{"name":"instance","qualifiedName":"boost_navigator.BoostNavigator.instance","href":"boost_navigator/BoostNavigator/instance.html","type":"property","overriddenDepth":0,"packageName":"flutter_boost","enclosedBy":{"name":"BoostNavigator","type":"class"}},{"name":"isFlutterPage","qualifiedName":"boost_navigator.BoostNavigator.isFlutterPage","href":"boost_navigator/BoostNavigator/isFlutterPage.html","type":"method","overriddenDepth":0,"packageName":"flutter_boost","enclosedBy":{"name":"BoostNavigator","type":"class"}},{"name":"of","qualifiedName":"boost_navigator.BoostNavigator.of","href":"boost_navigator/BoostNavigator/of.html","type":"method","overriddenDepth":0,"packageName":"flutter_boost","enclosedBy":{"name":"BoostNavigator","type":"class"}},{"name":"pageSize","qualifiedName":"boost_navigator.BoostNavigator.pageSize","href":"boost_navigator/BoostNavigator/pageSize.html","type":"method","overriddenDepth":0,"packageName":"flutter_boost","enclosedBy":{"name":"BoostNavigator","type":"class"}},{"name":"pop","qualifiedName":"boost_navigator.BoostNavigator.pop","href":"boost_navigator/BoostNavigator/pop.html","type":"method","overriddenDepth":0,"packageName":"flutter_boost","enclosedBy":{"name":"BoostNavigator","type":"class"}},{"name":"popUntil","qualifiedName":"boost_navigator.BoostNavigator.popUntil","href":"boost_navigator/BoostNavigator/popUntil.html","type":"method","overriddenDepth":0,"packageName":"flutter_boost","enclosedBy":{"name":"BoostNavigator","type":"class"}},{"name":"push","qualifiedName":"boost_navigator.BoostNavigator.push","href":"boost_navigator/BoostNavigator/push.html","type":"method","overriddenDepth":0,"packageName":"flutter_boost","enclosedBy":{"name":"BoostNavigator","type":"class"}},{"name":"pushReplacement","qualifiedName":"boost_navigator.BoostNavigator.pushReplacement","href":"boost_navigator/BoostNavigator/pushReplacement.html","type":"method","overriddenDepth":0,"packageName":"flutter_boost","enclosedBy":{"name":"BoostNavigator","type":"class"}},{"name":"remove","qualifiedName":"boost_navigator.BoostNavigator.remove","href":"boost_navigator/BoostNavigator/remove.html","type":"method","overriddenDepth":0,"packageName":"flutter_boost","enclosedBy":{"name":"BoostNavigator","type":"class"}},{"name":"routeFactory","qualifiedName":"boost_navigator.BoostNavigator.routeFactory","href":"boost_navigator/BoostNavigator/routeFactory.html","type":"property","overriddenDepth":0,"packageName":"flutter_boost","enclosedBy":{"name":"BoostNavigator","type":"class"}},{"name":"FlutterBoostRouteFactory","qualifiedName":"boost_navigator.FlutterBoostRouteFactory","href":"boost_navigator/FlutterBoostRouteFactory.html","type":"typedef","overriddenDepth":0,"packageName":"flutter_boost","enclosedBy":{"name":"boost_navigator","type":"library"}},{"name":"PageInfo","qualifiedName":"boost_navigator.PageInfo","href":"boost_navigator/PageInfo-class.html","type":"class","overriddenDepth":0,"packageName":"flutter_boost","enclosedBy":{"name":"boost_navigator","type":"library"}},{"name":"PageInfo","qualifiedName":"boost_navigator.PageInfo.PageInfo","href":"boost_navigator/PageInfo/PageInfo.html","type":"constructor","overriddenDepth":0,"packageName":"flutter_boost","enclosedBy":{"name":"PageInfo","type":"class"}},{"name":"arguments","qualifiedName":"boost_navigator.PageInfo.arguments","href":"boost_navigator/PageInfo/arguments.html","type":"property","overriddenDepth":0,"packageName":"flutter_boost","enclosedBy":{"name":"PageInfo","type":"class"}},{"name":"pageName","qualifiedName":"boost_navigator.PageInfo.pageName","href":"boost_navigator/PageInfo/pageName.html","type":"property","overriddenDepth":0,"packageName":"flutter_boost","enclosedBy":{"name":"PageInfo","type":"class"}},{"name":"uniqueId","qualifiedName":"boost_navigator.PageInfo.uniqueId","href":"boost_navigator/PageInfo/uniqueId.html","type":"property","overriddenDepth":0,"packageName":"flutter_boost","enclosedBy":{"name":"PageInfo","type":"class"}},{"name":"withContainer","qualifiedName":"boost_navigator.PageInfo.withContainer","href":"boost_navigator/PageInfo/withContainer.html","type":"property","overriddenDepth":0,"packageName":"flutter_boost","enclosedBy":{"name":"PageInfo","type":"class"}},{"name":"routeFactoryWrapper","qualifiedName":"boost_navigator.routeFactoryWrapper","href":"boost_navigator/routeFactoryWrapper.html","type":"function","overriddenDepth":0,"packageName":"flutter_boost","enclosedBy":{"name":"boost_navigator","type":"library"}},{"name":"flutter_boost","qualifiedName":"flutter_boost","href":"flutter_boost/flutter_boost-library.html","type":"library","overriddenDepth":0,"packageName":"flutter_boost"},{"name":"flutter_boost_app","qualifiedName":"flutter_boost_app","href":"flutter_boost_app/flutter_boost_app-library.html","type":"library","overriddenDepth":0,"packageName":"flutter_boost"},{"name":"BoostNavigatorObserver","qualifiedName":"flutter_boost_app.BoostNavigatorObserver","href":"flutter_boost_app/BoostNavigatorObserver-class.html","type":"class","overriddenDepth":0,"packageName":"flutter_boost","enclosedBy":{"name":"flutter_boost_app","type":"library"}},{"name":"BoostNavigatorObserver","qualifiedName":"flutter_boost_app.BoostNavigatorObserver.BoostNavigatorObserver","href":"flutter_boost_app/BoostNavigatorObserver/BoostNavigatorObserver.html","type":"constructor","overriddenDepth":0,"packageName":"flutter_boost","enclosedBy":{"name":"BoostNavigatorObserver","type":"class"}},{"name":"didPop","qualifiedName":"flutter_boost_app.BoostNavigatorObserver.didPop","href":"flutter_boost_app/BoostNavigatorObserver/didPop.html","type":"method","overriddenDepth":1,"packageName":"flutter_boost","enclosedBy":{"name":"BoostNavigatorObserver","type":"class"}},{"name":"didPush","qualifiedName":"flutter_boost_app.BoostNavigatorObserver.didPush","href":"flutter_boost_app/BoostNavigatorObserver/didPush.html","type":"method","overriddenDepth":1,"packageName":"flutter_boost","enclosedBy":{"name":"BoostNavigatorObserver","type":"class"}},{"name":"didRemove","qualifiedName":"flutter_boost_app.BoostNavigatorObserver.didRemove","href":"flutter_boost_app/BoostNavigatorObserver/didRemove.html","type":"method","overriddenDepth":1,"packageName":"flutter_boost","enclosedBy":{"name":"BoostNavigatorObserver","type":"class"}},{"name":"BoostPage","qualifiedName":"flutter_boost_app.BoostPage","href":"flutter_boost_app/BoostPage-class.html","type":"class","overriddenDepth":0,"packageName":"flutter_boost","enclosedBy":{"name":"flutter_boost_app","type":"library"}},{"name":"BoostPage","qualifiedName":"flutter_boost_app.BoostPage.BoostPage","href":"flutter_boost_app/BoostPage/BoostPage.html","type":"constructor","overriddenDepth":0,"packageName":"flutter_boost","enclosedBy":{"name":"BoostPage","type":"class"}},{"name":"create","qualifiedName":"flutter_boost_app.BoostPage.create","href":"flutter_boost_app/BoostPage/create.html","type":"method","overriddenDepth":0,"packageName":"flutter_boost","enclosedBy":{"name":"BoostPage","type":"class"}},{"name":"createRoute","qualifiedName":"flutter_boost_app.BoostPage.createRoute","href":"flutter_boost_app/BoostPage/createRoute.html","type":"method","overriddenDepth":1,"packageName":"flutter_boost","enclosedBy":{"name":"BoostPage","type":"class"}},{"name":"didComplete","qualifiedName":"flutter_boost_app.BoostPage.didComplete","href":"flutter_boost_app/BoostPage/didComplete.html","type":"method","overriddenDepth":0,"packageName":"flutter_boost","enclosedBy":{"name":"BoostPage","type":"class"}},{"name":"pageInfo","qualifiedName":"flutter_boost_app.BoostPage.pageInfo","href":"flutter_boost_app/BoostPage/pageInfo.html","type":"property","overriddenDepth":0,"packageName":"flutter_boost","enclosedBy":{"name":"BoostPage","type":"class"}},{"name":"popped","qualifiedName":"flutter_boost_app.BoostPage.popped","href":"flutter_boost_app/BoostPage/popped.html","type":"property","overriddenDepth":0,"packageName":"flutter_boost","enclosedBy":{"name":"BoostPage","type":"class"}},{"name":"route","qualifiedName":"flutter_boost_app.BoostPage.route","href":"flutter_boost_app/BoostPage/route.html","type":"property","overriddenDepth":0,"packageName":"flutter_boost","enclosedBy":{"name":"BoostPage","type":"class"}},{"name":"toString","qualifiedName":"flutter_boost_app.BoostPage.toString","href":"flutter_boost_app/BoostPage/toString.html","type":"method","overriddenDepth":3,"packageName":"flutter_boost","enclosedBy":{"name":"BoostPage","type":"class"}},{"name":"FlutterBoostApp","qualifiedName":"flutter_boost_app.FlutterBoostApp","href":"flutter_boost_app/FlutterBoostApp-class.html","type":"class","overriddenDepth":0,"packageName":"flutter_boost","enclosedBy":{"name":"flutter_boost_app","type":"library"}},{"name":"FlutterBoostApp","qualifiedName":"flutter_boost_app.FlutterBoostApp.FlutterBoostApp","href":"flutter_boost_app/FlutterBoostApp/FlutterBoostApp.html","type":"constructor","overriddenDepth":0,"packageName":"flutter_boost","enclosedBy":{"name":"FlutterBoostApp","type":"class"}},{"name":"appBuilder","qualifiedName":"flutter_boost_app.FlutterBoostApp.appBuilder","href":"flutter_boost_app/FlutterBoostApp/appBuilder.html","type":"property","overriddenDepth":0,"packageName":"flutter_boost","enclosedBy":{"name":"FlutterBoostApp","type":"class"}},{"name":"createState","qualifiedName":"flutter_boost_app.FlutterBoostApp.createState","href":"flutter_boost_app/FlutterBoostApp/createState.html","type":"method","overriddenDepth":1,"packageName":"flutter_boost","enclosedBy":{"name":"FlutterBoostApp","type":"class"}},{"name":"initialRoute","qualifiedName":"flutter_boost_app.FlutterBoostApp.initialRoute","href":"flutter_boost_app/FlutterBoostApp/initialRoute.html","type":"property","overriddenDepth":0,"packageName":"flutter_boost","enclosedBy":{"name":"FlutterBoostApp","type":"class"}},{"name":"interceptors","qualifiedName":"flutter_boost_app.FlutterBoostApp.interceptors","href":"flutter_boost_app/FlutterBoostApp/interceptors.html","type":"property","overriddenDepth":0,"packageName":"flutter_boost","enclosedBy":{"name":"FlutterBoostApp","type":"class"}},{"name":"FlutterBoostAppBuilder","qualifiedName":"flutter_boost_app.FlutterBoostAppBuilder","href":"flutter_boost_app/FlutterBoostAppBuilder.html","type":"typedef","overriddenDepth":0,"packageName":"flutter_boost","enclosedBy":{"name":"flutter_boost_app","type":"library"}},{"name":"FlutterBoostAppState","qualifiedName":"flutter_boost_app.FlutterBoostAppState","href":"flutter_boost_app/FlutterBoostAppState-class.html","type":"class","overriddenDepth":0,"packageName":"flutter_boost","enclosedBy":{"name":"flutter_boost_app","type":"library"}},{"name":"FlutterBoostAppState","qualifiedName":"flutter_boost_app.FlutterBoostAppState.FlutterBoostAppState","href":"flutter_boost_app/FlutterBoostAppState/FlutterBoostAppState.html","type":"constructor","overriddenDepth":0,"packageName":"flutter_boost","enclosedBy":{"name":"FlutterBoostAppState","type":"class"}},{"name":"addEventListener","qualifiedName":"flutter_boost_app.FlutterBoostAppState.addEventListener","href":"flutter_boost_app/FlutterBoostAppState/addEventListener.html","type":"method","overriddenDepth":0,"packageName":"flutter_boost","enclosedBy":{"name":"FlutterBoostAppState","type":"class"}},{"name":"boostFlutterRouterApi","qualifiedName":"flutter_boost_app.FlutterBoostAppState.boostFlutterRouterApi","href":"flutter_boost_app/FlutterBoostAppState/boostFlutterRouterApi.html","type":"property","overriddenDepth":0,"packageName":"flutter_boost","enclosedBy":{"name":"FlutterBoostAppState","type":"class"}},{"name":"build","qualifiedName":"flutter_boost_app.FlutterBoostAppState.build","href":"flutter_boost_app/FlutterBoostAppState/build.html","type":"method","overriddenDepth":1,"packageName":"flutter_boost","enclosedBy":{"name":"FlutterBoostAppState","type":"class"}},{"name":"containers","qualifiedName":"flutter_boost_app.FlutterBoostAppState.containers","href":"flutter_boost_app/FlutterBoostAppState/containers.html","type":"property","overriddenDepth":0,"packageName":"flutter_boost","enclosedBy":{"name":"FlutterBoostAppState","type":"class"}},{"name":"dispose","qualifiedName":"flutter_boost_app.FlutterBoostAppState.dispose","href":"flutter_boost_app/FlutterBoostAppState/dispose.html","type":"method","overriddenDepth":1,"packageName":"flutter_boost","enclosedBy":{"name":"FlutterBoostAppState","type":"class"}},{"name":"getTopPageInfo","qualifiedName":"flutter_boost_app.FlutterBoostAppState.getTopPageInfo","href":"flutter_boost_app/FlutterBoostAppState/getTopPageInfo.html","type":"method","overriddenDepth":0,"packageName":"flutter_boost","enclosedBy":{"name":"FlutterBoostAppState","type":"class"}},{"name":"initState","qualifiedName":"flutter_boost_app.FlutterBoostAppState.initState","href":"flutter_boost_app/FlutterBoostAppState/initState.html","type":"method","overriddenDepth":1,"packageName":"flutter_boost","enclosedBy":{"name":"FlutterBoostAppState","type":"class"}},{"name":"interceptors","qualifiedName":"flutter_boost_app.FlutterBoostAppState.interceptors","href":"flutter_boost_app/FlutterBoostAppState/interceptors.html","type":"property","overriddenDepth":0,"packageName":"flutter_boost","enclosedBy":{"name":"FlutterBoostAppState","type":"class"}},{"name":"nativeRouterApi","qualifiedName":"flutter_boost_app.FlutterBoostAppState.nativeRouterApi","href":"flutter_boost_app/FlutterBoostAppState/nativeRouterApi.html","type":"property","overriddenDepth":0,"packageName":"flutter_boost","enclosedBy":{"name":"FlutterBoostAppState","type":"class"}},{"name":"onBackground","qualifiedName":"flutter_boost_app.FlutterBoostAppState.onBackground","href":"flutter_boost_app/FlutterBoostAppState/onBackground.html","type":"method","overriddenDepth":0,"packageName":"flutter_boost","enclosedBy":{"name":"FlutterBoostAppState","type":"class"}},{"name":"onContainerHide","qualifiedName":"flutter_boost_app.FlutterBoostAppState.onContainerHide","href":"flutter_boost_app/FlutterBoostAppState/onContainerHide.html","type":"method","overriddenDepth":0,"packageName":"flutter_boost","enclosedBy":{"name":"FlutterBoostAppState","type":"class"}},{"name":"onContainerShow","qualifiedName":"flutter_boost_app.FlutterBoostAppState.onContainerShow","href":"flutter_boost_app/FlutterBoostAppState/onContainerShow.html","type":"method","overriddenDepth":0,"packageName":"flutter_boost","enclosedBy":{"name":"FlutterBoostAppState","type":"class"}},{"name":"onForeground","qualifiedName":"flutter_boost_app.FlutterBoostAppState.onForeground","href":"flutter_boost_app/FlutterBoostAppState/onForeground.html","type":"method","overriddenDepth":0,"packageName":"flutter_boost","enclosedBy":{"name":"FlutterBoostAppState","type":"class"}},{"name":"onNativeResult","qualifiedName":"flutter_boost_app.FlutterBoostAppState.onNativeResult","href":"flutter_boost_app/FlutterBoostAppState/onNativeResult.html","type":"method","overriddenDepth":0,"packageName":"flutter_boost","enclosedBy":{"name":"FlutterBoostAppState","type":"class"}},{"name":"onReceiveEventFromNative","qualifiedName":"flutter_boost_app.FlutterBoostAppState.onReceiveEventFromNative","href":"flutter_boost_app/FlutterBoostAppState/onReceiveEventFromNative.html","type":"method","overriddenDepth":0,"packageName":"flutter_boost","enclosedBy":{"name":"FlutterBoostAppState","type":"class"}},{"name":"pageSize","qualifiedName":"flutter_boost_app.FlutterBoostAppState.pageSize","href":"flutter_boost_app/FlutterBoostAppState/pageSize.html","type":"method","overriddenDepth":0,"packageName":"flutter_boost","enclosedBy":{"name":"FlutterBoostAppState","type":"class"}},{"name":"pendNativeResult","qualifiedName":"flutter_boost_app.FlutterBoostAppState.pendNativeResult","href":"flutter_boost_app/FlutterBoostAppState/pendNativeResult.html","type":"method","overriddenDepth":0,"packageName":"flutter_boost","enclosedBy":{"name":"FlutterBoostAppState","type":"class"}},{"name":"pop","qualifiedName":"flutter_boost_app.FlutterBoostAppState.pop","href":"flutter_boost_app/FlutterBoostAppState/pop.html","type":"method","overriddenDepth":0,"packageName":"flutter_boost","enclosedBy":{"name":"FlutterBoostAppState","type":"class"}},{"name":"popUntil","qualifiedName":"flutter_boost_app.FlutterBoostAppState.popUntil","href":"flutter_boost_app/FlutterBoostAppState/popUntil.html","type":"method","overriddenDepth":0,"packageName":"flutter_boost","enclosedBy":{"name":"FlutterBoostAppState","type":"class"}},{"name":"popWithResult","qualifiedName":"flutter_boost_app.FlutterBoostAppState.popWithResult","href":"flutter_boost_app/FlutterBoostAppState/popWithResult.html","type":"method","overriddenDepth":0,"packageName":"flutter_boost","enclosedBy":{"name":"FlutterBoostAppState","type":"class"}},{"name":"pushContainer","qualifiedName":"flutter_boost_app.FlutterBoostAppState.pushContainer","href":"flutter_boost_app/FlutterBoostAppState/pushContainer.html","type":"method","overriddenDepth":0,"packageName":"flutter_boost","enclosedBy":{"name":"FlutterBoostAppState","type":"class"}},{"name":"pushPage","qualifiedName":"flutter_boost_app.FlutterBoostAppState.pushPage","href":"flutter_boost_app/FlutterBoostAppState/pushPage.html","type":"method","overriddenDepth":0,"packageName":"flutter_boost","enclosedBy":{"name":"FlutterBoostAppState","type":"class"}},{"name":"pushWithResult","qualifiedName":"flutter_boost_app.FlutterBoostAppState.pushWithResult","href":"flutter_boost_app/FlutterBoostAppState/pushWithResult.html","type":"method","overriddenDepth":0,"packageName":"flutter_boost","enclosedBy":{"name":"FlutterBoostAppState","type":"class"}},{"name":"refresh","qualifiedName":"flutter_boost_app.FlutterBoostAppState.refresh","href":"flutter_boost_app/FlutterBoostAppState/refresh.html","type":"method","overriddenDepth":0,"packageName":"flutter_boost","enclosedBy":{"name":"FlutterBoostAppState","type":"class"}},{"name":"refreshOnMoveToTop","qualifiedName":"flutter_boost_app.FlutterBoostAppState.refreshOnMoveToTop","href":"flutter_boost_app/FlutterBoostAppState/refreshOnMoveToTop.html","type":"method","overriddenDepth":0,"packageName":"flutter_boost","enclosedBy":{"name":"FlutterBoostAppState","type":"class"}},{"name":"refreshOnPush","qualifiedName":"flutter_boost_app.FlutterBoostAppState.refreshOnPush","href":"flutter_boost_app/FlutterBoostAppState/refreshOnPush.html","type":"method","overriddenDepth":0,"packageName":"flutter_boost","enclosedBy":{"name":"FlutterBoostAppState","type":"class"}},{"name":"refreshOnRemove","qualifiedName":"flutter_boost_app.FlutterBoostAppState.refreshOnRemove","href":"flutter_boost_app/FlutterBoostAppState/refreshOnRemove.html","type":"method","overriddenDepth":0,"packageName":"flutter_boost","enclosedBy":{"name":"FlutterBoostAppState","type":"class"}},{"name":"remove","qualifiedName":"flutter_boost_app.FlutterBoostAppState.remove","href":"flutter_boost_app/FlutterBoostAppState/remove.html","type":"method","overriddenDepth":0,"packageName":"flutter_boost","enclosedBy":{"name":"FlutterBoostAppState","type":"class"}},{"name":"removeWithResult","qualifiedName":"flutter_boost_app.FlutterBoostAppState.removeWithResult","href":"flutter_boost_app/FlutterBoostAppState/removeWithResult.html","type":"method","overriddenDepth":0,"packageName":"flutter_boost","enclosedBy":{"name":"FlutterBoostAppState","type":"class"}},{"name":"topContainer","qualifiedName":"flutter_boost_app.FlutterBoostAppState.topContainer","href":"flutter_boost_app/FlutterBoostAppState/topContainer.html","type":"property","overriddenDepth":0,"packageName":"flutter_boost","enclosedBy":{"name":"FlutterBoostAppState","type":"class"}},{"name":"logger","qualifiedName":"logger","href":"logger/logger-library.html","type":"library","overriddenDepth":0,"packageName":"flutter_boost"},{"name":"Logger","qualifiedName":"logger.Logger","href":"logger/Logger-class.html","type":"class","overriddenDepth":0,"packageName":"flutter_boost","enclosedBy":{"name":"logger","type":"library"}},{"name":"Logger","qualifiedName":"logger.Logger.Logger","href":"logger/Logger/Logger.html","type":"constructor","overriddenDepth":0,"packageName":"flutter_boost","enclosedBy":{"name":"Logger","type":"class"}},{"name":"error","qualifiedName":"logger.Logger.error","href":"logger/Logger/error.html","type":"method","overriddenDepth":0,"packageName":"flutter_boost","enclosedBy":{"name":"Logger","type":"class"}},{"name":"log","qualifiedName":"logger.Logger.log","href":"logger/Logger/log.html","type":"method","overriddenDepth":0,"packageName":"flutter_boost","enclosedBy":{"name":"Logger","type":"class"}},{"name":"messages","qualifiedName":"messages","href":"messages/messages-library.html","type":"library","overriddenDepth":0,"packageName":"flutter_boost"},{"name":"CommonParams","qualifiedName":"messages.CommonParams","href":"messages/CommonParams-class.html","type":"class","overriddenDepth":0,"packageName":"flutter_boost","enclosedBy":{"name":"messages","type":"library"}},{"name":"CommonParams","qualifiedName":"messages.CommonParams.CommonParams","href":"messages/CommonParams/CommonParams.html","type":"constructor","overriddenDepth":0,"packageName":"flutter_boost","enclosedBy":{"name":"CommonParams","type":"class"}},{"name":"arguments","qualifiedName":"messages.CommonParams.arguments","href":"messages/CommonParams/arguments.html","type":"property","overriddenDepth":0,"packageName":"flutter_boost","enclosedBy":{"name":"CommonParams","type":"class"}},{"name":"decode","qualifiedName":"messages.CommonParams.decode","href":"messages/CommonParams/decode.html","type":"method","overriddenDepth":0,"packageName":"flutter_boost","enclosedBy":{"name":"CommonParams","type":"class"}},{"name":"encode","qualifiedName":"messages.CommonParams.encode","href":"messages/CommonParams/encode.html","type":"method","overriddenDepth":0,"packageName":"flutter_boost","enclosedBy":{"name":"CommonParams","type":"class"}},{"name":"key","qualifiedName":"messages.CommonParams.key","href":"messages/CommonParams/key.html","type":"property","overriddenDepth":0,"packageName":"flutter_boost","enclosedBy":{"name":"CommonParams","type":"class"}},{"name":"opaque","qualifiedName":"messages.CommonParams.opaque","href":"messages/CommonParams/opaque.html","type":"property","overriddenDepth":0,"packageName":"flutter_boost","enclosedBy":{"name":"CommonParams","type":"class"}},{"name":"pageName","qualifiedName":"messages.CommonParams.pageName","href":"messages/CommonParams/pageName.html","type":"property","overriddenDepth":0,"packageName":"flutter_boost","enclosedBy":{"name":"CommonParams","type":"class"}},{"name":"uniqueId","qualifiedName":"messages.CommonParams.uniqueId","href":"messages/CommonParams/uniqueId.html","type":"property","overriddenDepth":0,"packageName":"flutter_boost","enclosedBy":{"name":"CommonParams","type":"class"}},{"name":"FlutterRouterApi","qualifiedName":"messages.FlutterRouterApi","href":"messages/FlutterRouterApi-class.html","type":"class","overriddenDepth":0,"packageName":"flutter_boost","enclosedBy":{"name":"messages","type":"library"}},{"name":"FlutterRouterApi","qualifiedName":"messages.FlutterRouterApi.FlutterRouterApi","href":"messages/FlutterRouterApi/FlutterRouterApi.html","type":"constructor","overriddenDepth":0,"packageName":"flutter_boost","enclosedBy":{"name":"FlutterRouterApi","type":"class"}},{"name":"onBackground","qualifiedName":"messages.FlutterRouterApi.onBackground","href":"messages/FlutterRouterApi/onBackground.html","type":"method","overriddenDepth":0,"packageName":"flutter_boost","enclosedBy":{"name":"FlutterRouterApi","type":"class"}},{"name":"onContainerHide","qualifiedName":"messages.FlutterRouterApi.onContainerHide","href":"messages/FlutterRouterApi/onContainerHide.html","type":"method","overriddenDepth":0,"packageName":"flutter_boost","enclosedBy":{"name":"FlutterRouterApi","type":"class"}},{"name":"onContainerShow","qualifiedName":"messages.FlutterRouterApi.onContainerShow","href":"messages/FlutterRouterApi/onContainerShow.html","type":"method","overriddenDepth":0,"packageName":"flutter_boost","enclosedBy":{"name":"FlutterRouterApi","type":"class"}},{"name":"onForeground","qualifiedName":"messages.FlutterRouterApi.onForeground","href":"messages/FlutterRouterApi/onForeground.html","type":"method","overriddenDepth":0,"packageName":"flutter_boost","enclosedBy":{"name":"FlutterRouterApi","type":"class"}},{"name":"onNativeResult","qualifiedName":"messages.FlutterRouterApi.onNativeResult","href":"messages/FlutterRouterApi/onNativeResult.html","type":"method","overriddenDepth":0,"packageName":"flutter_boost","enclosedBy":{"name":"FlutterRouterApi","type":"class"}},{"name":"popRoute","qualifiedName":"messages.FlutterRouterApi.popRoute","href":"messages/FlutterRouterApi/popRoute.html","type":"method","overriddenDepth":0,"packageName":"flutter_boost","enclosedBy":{"name":"FlutterRouterApi","type":"class"}},{"name":"pushRoute","qualifiedName":"messages.FlutterRouterApi.pushRoute","href":"messages/FlutterRouterApi/pushRoute.html","type":"method","overriddenDepth":0,"packageName":"flutter_boost","enclosedBy":{"name":"FlutterRouterApi","type":"class"}},{"name":"removeRoute","qualifiedName":"messages.FlutterRouterApi.removeRoute","href":"messages/FlutterRouterApi/removeRoute.html","type":"method","overriddenDepth":0,"packageName":"flutter_boost","enclosedBy":{"name":"FlutterRouterApi","type":"class"}},{"name":"sendEventToFlutter","qualifiedName":"messages.FlutterRouterApi.sendEventToFlutter","href":"messages/FlutterRouterApi/sendEventToFlutter.html","type":"method","overriddenDepth":0,"packageName":"flutter_boost","enclosedBy":{"name":"FlutterRouterApi","type":"class"}},{"name":"setup","qualifiedName":"messages.FlutterRouterApi.setup","href":"messages/FlutterRouterApi/setup.html","type":"method","overriddenDepth":0,"packageName":"flutter_boost","enclosedBy":{"name":"FlutterRouterApi","type":"class"}},{"name":"NativeRouterApi","qualifiedName":"messages.NativeRouterApi","href":"messages/NativeRouterApi-class.html","type":"class","overriddenDepth":0,"packageName":"flutter_boost","enclosedBy":{"name":"messages","type":"library"}},{"name":"NativeRouterApi","qualifiedName":"messages.NativeRouterApi.NativeRouterApi","href":"messages/NativeRouterApi/NativeRouterApi.html","type":"constructor","overriddenDepth":0,"packageName":"flutter_boost","enclosedBy":{"name":"NativeRouterApi","type":"class"}},{"name":"getStackFromHost","qualifiedName":"messages.NativeRouterApi.getStackFromHost","href":"messages/NativeRouterApi/getStackFromHost.html","type":"method","overriddenDepth":0,"packageName":"flutter_boost","enclosedBy":{"name":"NativeRouterApi","type":"class"}},{"name":"popRoute","qualifiedName":"messages.NativeRouterApi.popRoute","href":"messages/NativeRouterApi/popRoute.html","type":"method","overriddenDepth":0,"packageName":"flutter_boost","enclosedBy":{"name":"NativeRouterApi","type":"class"}},{"name":"pushFlutterRoute","qualifiedName":"messages.NativeRouterApi.pushFlutterRoute","href":"messages/NativeRouterApi/pushFlutterRoute.html","type":"method","overriddenDepth":0,"packageName":"flutter_boost","enclosedBy":{"name":"NativeRouterApi","type":"class"}},{"name":"pushNativeRoute","qualifiedName":"messages.NativeRouterApi.pushNativeRoute","href":"messages/NativeRouterApi/pushNativeRoute.html","type":"method","overriddenDepth":0,"packageName":"flutter_boost","enclosedBy":{"name":"NativeRouterApi","type":"class"}},{"name":"saveStackToHost","qualifiedName":"messages.NativeRouterApi.saveStackToHost","href":"messages/NativeRouterApi/saveStackToHost.html","type":"method","overriddenDepth":0,"packageName":"flutter_boost","enclosedBy":{"name":"NativeRouterApi","type":"class"}},{"name":"sendEventToNative","qualifiedName":"messages.NativeRouterApi.sendEventToNative","href":"messages/NativeRouterApi/sendEventToNative.html","type":"method","overriddenDepth":0,"packageName":"flutter_boost","enclosedBy":{"name":"NativeRouterApi","type":"class"}},{"name":"StackInfo","qualifiedName":"messages.StackInfo","href":"messages/StackInfo-class.html","type":"class","overriddenDepth":0,"packageName":"flutter_boost","enclosedBy":{"name":"messages","type":"library"}},{"name":"StackInfo","qualifiedName":"messages.StackInfo.StackInfo","href":"messages/StackInfo/StackInfo.html","type":"constructor","overriddenDepth":0,"packageName":"flutter_boost","enclosedBy":{"name":"StackInfo","type":"class"}},{"name":"containers","qualifiedName":"messages.StackInfo.containers","href":"messages/StackInfo/containers.html","type":"property","overriddenDepth":0,"packageName":"flutter_boost","enclosedBy":{"name":"StackInfo","type":"class"}},{"name":"decode","qualifiedName":"messages.StackInfo.decode","href":"messages/StackInfo/decode.html","type":"method","overriddenDepth":0,"packageName":"flutter_boost","enclosedBy":{"name":"StackInfo","type":"class"}},{"name":"encode","qualifiedName":"messages.StackInfo.encode","href":"messages/StackInfo/encode.html","type":"method","overriddenDepth":0,"packageName":"flutter_boost","enclosedBy":{"name":"StackInfo","type":"class"}},{"name":"routes","qualifiedName":"messages.StackInfo.routes","href":"messages/StackInfo/routes.html","type":"property","overriddenDepth":0,"packageName":"flutter_boost","enclosedBy":{"name":"StackInfo","type":"class"}},{"name":"overlay_entry","qualifiedName":"overlay_entry","href":"overlay_entry/overlay_entry-library.html","type":"library","overriddenDepth":0,"packageName":"flutter_boost"},{"name":"BoostSpecificEntryRefreshMode","qualifiedName":"overlay_entry.BoostSpecificEntryRefreshMode","href":"overlay_entry/BoostSpecificEntryRefreshMode-class.html","type":"enum","overriddenDepth":0,"packageName":"flutter_boost","enclosedBy":{"name":"overlay_entry","type":"library"}},{"name":"toString","qualifiedName":"overlay_entry.BoostSpecificEntryRefreshMode.toString","href":"overlay_entry/BoostSpecificEntryRefreshMode/toString.html","type":"method","overriddenDepth":1,"packageName":"flutter_boost","enclosedBy":{"name":"BoostSpecificEntryRefreshMode","type":"enum"}},{"name":"overlayKey","qualifiedName":"overlay_entry.overlayKey","href":"overlay_entry/overlayKey.html","type":"top-level property","overriddenDepth":0,"packageName":"flutter_boost","enclosedBy":{"name":"overlay_entry","type":"library"}},{"name":"refreshAllOverlayEntries","qualifiedName":"overlay_entry.refreshAllOverlayEntries","href":"overlay_entry/refreshAllOverlayEntries.html","type":"function","overriddenDepth":0,"packageName":"flutter_boost","enclosedBy":{"name":"overlay_entry","type":"library"}},{"name":"refreshSpecificOverlayEntries","qualifiedName":"overlay_entry.refreshSpecificOverlayEntries","href":"overlay_entry/refreshSpecificOverlayEntries.html","type":"function","overriddenDepth":0,"packageName":"flutter_boost","enclosedBy":{"name":"overlay_entry","type":"library"}},{"name":"page_visibility","qualifiedName":"page_visibility","href":"page_visibility/page_visibility-library.html","type":"library","overriddenDepth":0,"packageName":"flutter_boost"},{"name":"GlobalPageVisibilityObserver","qualifiedName":"page_visibility.GlobalPageVisibilityObserver","href":"page_visibility/GlobalPageVisibilityObserver-class.html","type":"class","overriddenDepth":0,"packageName":"flutter_boost","enclosedBy":{"name":"page_visibility","type":"library"}},{"name":"GlobalPageVisibilityObserver","qualifiedName":"page_visibility.GlobalPageVisibilityObserver.GlobalPageVisibilityObserver","href":"page_visibility/GlobalPageVisibilityObserver/GlobalPageVisibilityObserver.html","type":"constructor","overriddenDepth":0,"packageName":"flutter_boost","enclosedBy":{"name":"GlobalPageVisibilityObserver","type":"class"}},{"name":"onBackground","qualifiedName":"page_visibility.GlobalPageVisibilityObserver.onBackground","href":"page_visibility/GlobalPageVisibilityObserver/onBackground.html","type":"method","overriddenDepth":0,"packageName":"flutter_boost","enclosedBy":{"name":"GlobalPageVisibilityObserver","type":"class"}},{"name":"onForeground","qualifiedName":"page_visibility.GlobalPageVisibilityObserver.onForeground","href":"page_visibility/GlobalPageVisibilityObserver/onForeground.html","type":"method","overriddenDepth":0,"packageName":"flutter_boost","enclosedBy":{"name":"GlobalPageVisibilityObserver","type":"class"}},{"name":"onPageHide","qualifiedName":"page_visibility.GlobalPageVisibilityObserver.onPageHide","href":"page_visibility/GlobalPageVisibilityObserver/onPageHide.html","type":"method","overriddenDepth":0,"packageName":"flutter_boost","enclosedBy":{"name":"GlobalPageVisibilityObserver","type":"class"}},{"name":"onPagePop","qualifiedName":"page_visibility.GlobalPageVisibilityObserver.onPagePop","href":"page_visibility/GlobalPageVisibilityObserver/onPagePop.html","type":"method","overriddenDepth":0,"packageName":"flutter_boost","enclosedBy":{"name":"GlobalPageVisibilityObserver","type":"class"}},{"name":"onPagePush","qualifiedName":"page_visibility.GlobalPageVisibilityObserver.onPagePush","href":"page_visibility/GlobalPageVisibilityObserver/onPagePush.html","type":"method","overriddenDepth":0,"packageName":"flutter_boost","enclosedBy":{"name":"GlobalPageVisibilityObserver","type":"class"}},{"name":"onPageShow","qualifiedName":"page_visibility.GlobalPageVisibilityObserver.onPageShow","href":"page_visibility/GlobalPageVisibilityObserver/onPageShow.html","type":"method","overriddenDepth":0,"packageName":"flutter_boost","enclosedBy":{"name":"GlobalPageVisibilityObserver","type":"class"}},{"name":"PageVisibilityBinding","qualifiedName":"page_visibility.PageVisibilityBinding","href":"page_visibility/PageVisibilityBinding-class.html","type":"class","overriddenDepth":0,"packageName":"flutter_boost","enclosedBy":{"name":"page_visibility","type":"library"}},{"name":"addGlobalObserver","qualifiedName":"page_visibility.PageVisibilityBinding.addGlobalObserver","href":"page_visibility/PageVisibilityBinding/addGlobalObserver.html","type":"method","overriddenDepth":0,"packageName":"flutter_boost","enclosedBy":{"name":"PageVisibilityBinding","type":"class"}},{"name":"addObserver","qualifiedName":"page_visibility.PageVisibilityBinding.addObserver","href":"page_visibility/PageVisibilityBinding/addObserver.html","type":"method","overriddenDepth":0,"packageName":"flutter_boost","enclosedBy":{"name":"PageVisibilityBinding","type":"class"}},{"name":"dispatchGlobalBackgroundEvent","qualifiedName":"page_visibility.PageVisibilityBinding.dispatchGlobalBackgroundEvent","href":"page_visibility/PageVisibilityBinding/dispatchGlobalBackgroundEvent.html","type":"method","overriddenDepth":0,"packageName":"flutter_boost","enclosedBy":{"name":"PageVisibilityBinding","type":"class"}},{"name":"dispatchGlobalForgroundEvent","qualifiedName":"page_visibility.PageVisibilityBinding.dispatchGlobalForgroundEvent","href":"page_visibility/PageVisibilityBinding/dispatchGlobalForgroundEvent.html","type":"method","overriddenDepth":0,"packageName":"flutter_boost","enclosedBy":{"name":"PageVisibilityBinding","type":"class"}},{"name":"dispatchGlobalPageHideEvent","qualifiedName":"page_visibility.PageVisibilityBinding.dispatchGlobalPageHideEvent","href":"page_visibility/PageVisibilityBinding/dispatchGlobalPageHideEvent.html","type":"method","overriddenDepth":0,"packageName":"flutter_boost","enclosedBy":{"name":"PageVisibilityBinding","type":"class"}},{"name":"dispatchGlobalPagePopEvent","qualifiedName":"page_visibility.PageVisibilityBinding.dispatchGlobalPagePopEvent","href":"page_visibility/PageVisibilityBinding/dispatchGlobalPagePopEvent.html","type":"method","overriddenDepth":0,"packageName":"flutter_boost","enclosedBy":{"name":"PageVisibilityBinding","type":"class"}},{"name":"dispatchGlobalPagePushEvent","qualifiedName":"page_visibility.PageVisibilityBinding.dispatchGlobalPagePushEvent","href":"page_visibility/PageVisibilityBinding/dispatchGlobalPagePushEvent.html","type":"method","overriddenDepth":0,"packageName":"flutter_boost","enclosedBy":{"name":"PageVisibilityBinding","type":"class"}},{"name":"dispatchGlobalPageShowEvent","qualifiedName":"page_visibility.PageVisibilityBinding.dispatchGlobalPageShowEvent","href":"page_visibility/PageVisibilityBinding/dispatchGlobalPageShowEvent.html","type":"method","overriddenDepth":0,"packageName":"flutter_boost","enclosedBy":{"name":"PageVisibilityBinding","type":"class"}},{"name":"dispatchPageBackgroundEvent","qualifiedName":"page_visibility.PageVisibilityBinding.dispatchPageBackgroundEvent","href":"page_visibility/PageVisibilityBinding/dispatchPageBackgroundEvent.html","type":"method","overriddenDepth":0,"packageName":"flutter_boost","enclosedBy":{"name":"PageVisibilityBinding","type":"class"}},{"name":"dispatchPageForgroundEvent","qualifiedName":"page_visibility.PageVisibilityBinding.dispatchPageForgroundEvent","href":"page_visibility/PageVisibilityBinding/dispatchPageForgroundEvent.html","type":"method","overriddenDepth":0,"packageName":"flutter_boost","enclosedBy":{"name":"PageVisibilityBinding","type":"class"}},{"name":"dispatchPageHideEvent","qualifiedName":"page_visibility.PageVisibilityBinding.dispatchPageHideEvent","href":"page_visibility/PageVisibilityBinding/dispatchPageHideEvent.html","type":"method","overriddenDepth":0,"packageName":"flutter_boost","enclosedBy":{"name":"PageVisibilityBinding","type":"class"}},{"name":"dispatchPagePopEvent","qualifiedName":"page_visibility.PageVisibilityBinding.dispatchPagePopEvent","href":"page_visibility/PageVisibilityBinding/dispatchPagePopEvent.html","type":"method","overriddenDepth":0,"packageName":"flutter_boost","enclosedBy":{"name":"PageVisibilityBinding","type":"class"}},{"name":"dispatchPagePushEvent","qualifiedName":"page_visibility.PageVisibilityBinding.dispatchPagePushEvent","href":"page_visibility/PageVisibilityBinding/dispatchPagePushEvent.html","type":"method","overriddenDepth":0,"packageName":"flutter_boost","enclosedBy":{"name":"PageVisibilityBinding","type":"class"}},{"name":"dispatchPageShowEvent","qualifiedName":"page_visibility.PageVisibilityBinding.dispatchPageShowEvent","href":"page_visibility/PageVisibilityBinding/dispatchPageShowEvent.html","type":"method","overriddenDepth":0,"packageName":"flutter_boost","enclosedBy":{"name":"PageVisibilityBinding","type":"class"}},{"name":"dispatchPageShowEventOnPageShowFirstTime","qualifiedName":"page_visibility.PageVisibilityBinding.dispatchPageShowEventOnPageShowFirstTime","href":"page_visibility/PageVisibilityBinding/dispatchPageShowEventOnPageShowFirstTime.html","type":"method","overriddenDepth":0,"packageName":"flutter_boost","enclosedBy":{"name":"PageVisibilityBinding","type":"class"}},{"name":"instance","qualifiedName":"page_visibility.PageVisibilityBinding.instance","href":"page_visibility/PageVisibilityBinding/instance.html","type":"property","overriddenDepth":0,"packageName":"flutter_boost","enclosedBy":{"name":"PageVisibilityBinding","type":"class"}},{"name":"removeGlobalObserver","qualifiedName":"page_visibility.PageVisibilityBinding.removeGlobalObserver","href":"page_visibility/PageVisibilityBinding/removeGlobalObserver.html","type":"method","overriddenDepth":0,"packageName":"flutter_boost","enclosedBy":{"name":"PageVisibilityBinding","type":"class"}},{"name":"removeObserver","qualifiedName":"page_visibility.PageVisibilityBinding.removeObserver","href":"page_visibility/PageVisibilityBinding/removeObserver.html","type":"method","overriddenDepth":0,"packageName":"flutter_boost","enclosedBy":{"name":"PageVisibilityBinding","type":"class"}},{"name":"PageVisibilityObserver","qualifiedName":"page_visibility.PageVisibilityObserver","href":"page_visibility/PageVisibilityObserver-class.html","type":"class","overriddenDepth":0,"packageName":"flutter_boost","enclosedBy":{"name":"page_visibility","type":"library"}},{"name":"PageVisibilityObserver","qualifiedName":"page_visibility.PageVisibilityObserver.PageVisibilityObserver","href":"page_visibility/PageVisibilityObserver/PageVisibilityObserver.html","type":"constructor","overriddenDepth":0,"packageName":"flutter_boost","enclosedBy":{"name":"PageVisibilityObserver","type":"class"}},{"name":"onBackground","qualifiedName":"page_visibility.PageVisibilityObserver.onBackground","href":"page_visibility/PageVisibilityObserver/onBackground.html","type":"method","overriddenDepth":0,"packageName":"flutter_boost","enclosedBy":{"name":"PageVisibilityObserver","type":"class"}},{"name":"onForeground","qualifiedName":"page_visibility.PageVisibilityObserver.onForeground","href":"page_visibility/PageVisibilityObserver/onForeground.html","type":"method","overriddenDepth":0,"packageName":"flutter_boost","enclosedBy":{"name":"PageVisibilityObserver","type":"class"}},{"name":"onPageHide","qualifiedName":"page_visibility.PageVisibilityObserver.onPageHide","href":"page_visibility/PageVisibilityObserver/onPageHide.html","type":"method","overriddenDepth":0,"packageName":"flutter_boost","enclosedBy":{"name":"PageVisibilityObserver","type":"class"}},{"name":"onPageShow","qualifiedName":"page_visibility.PageVisibilityObserver.onPageShow","href":"page_visibility/PageVisibilityObserver/onPageShow.html","type":"method","overriddenDepth":0,"packageName":"flutter_boost","enclosedBy":{"name":"PageVisibilityObserver","type":"class"}}]
