{
  "string": [
    {
      "name": "module_desc",
      "value": "module description"
    },
    {
      "name": "EntryAbility_desc",
      "value": "description"
    },
    {
      "name": "EntryAbility_label",
      "value": "EntryAbility"
    },
    {
      "name": "FMFlutterAbility_desc",
      "value": "FMFlutterAbility"
    },
    {
      "name": "FMFlutterAbility_label",
      "value": "FMFlutterAbility"
    },
    {
      "name": "PureFlutterAbility_desc",
      "value": "description"
    },
    {
      "name": "PureFlutterAbility_label",
      "value": "PureFlutterAbility"
    },
    {
      "name": "FishAbility_desc",
      "value": "description"
    },
    {
      "name": "FishAbility_label",
      "value": "FishAbility"
    },
    {
      "name": "tab_title",
      "value": "Tab"
    },
    {
      "name": "tab_title_flutter",
      "value": "flutter"
    }
  ]
}