{
  "string": [
    {
      "name": "module_desc",
      "value": "模块描述"
    },
    {
      "name": "EntryAbility_desc",
      "value": "description"
    },
    {
      "name": "EntryAbility_label",
      "value": "label"
    },
    {
      "name": "FMFlutterAbility_desc",
      "value": "FMFlutterAbility_desc"
    },
    {
      "name": "FMFlutterAbility_label",
      "value": "FMFlutterAbility"
    },
    {
      "name": "PureFlutterAbility_desc",
      "value": "description"
    },
    {
      "name": "PureFlutterAbility_label",
      "value": "PureFlutterAbility"
    },
    {
      "name": "FishAbility_desc",
      "value": "description"
    },
    {
      "name": "FishAbility_label",
      "value": "label"
    },
    {
      "name": "tab_title",
      "value": "页签"
    },
    {
      "name": "tab_title_flutter",
      "value": "flutter"
    }
  ]
}